(APIServer pid=3418846) [transformers] Unrecognized keys in `rope_parameters` for 'rope_type'='default': {'sliding_attention', 'full_attention'}
(APIServer pid=3418846) [transformers] Unrecognized keys in `rope_parameters` for 'rope_type'='default': {'sliding_attention', 'full_attention'}
(APIServer pid=3418846) [transformers] Unrecognized keys in `rope_parameters` for 'rope_type'='default': {'sliding_attention', 'full_attention'}
(APIServer pid=3418846) [transformers] Unrecognized keys in `rope_parameters` for 'rope_type'='default': {'sliding_attention', 'full_attention'}
(APIServer pid=3418846) [transformers] Unrecognized keys in `rope_parameters` for 'rope_type'='default': {'sliding_attention', 'full_attention'}
(APIServer pid=3418846) [transformers] Unrecognized keys in `rope_parameters` for 'rope_type'='default': {'sliding_attention', 'full_attention'}
(APIServer pid=3418846) [transformers] Unrecognized keys in `rope_parameters` for 'rope_type'='default': {'sliding_attention', 'full_attention'}
(APIServer pid=3418846) [transformers] The tokenizer you are loading from '/home/dikobraz/Models/Laguna-S-2.1-exl3-1.98bpw' with an incorrect regex pattern: https://huggingface.co/mistralai/Mistral-Small-3.1-24B-Instruct-2503/discussions/84#69121093e8b480e709447d5e. This will lead to incorrect tokenization. You should set the `fix_mistral_regex=True` flag when loading this tokenizer to fix this issue.
(EngineCore pid=3419082) INFO 2026-08-09 23:09:41,772 emmy.serving.gen_runner: [gen_runner] loading /home/dikobraz/Models/Laguna-S-2.1-exl3-1.98bpw (float16, quantized checkpoint: dense trunk coded, experts compressed) — resolved /home/dikobraz/Models/Laguna-S-2.1-exl3-1.98bpw, exl3 1.98 bpw (head 6), key 74aae9abfb73c53f...
(EngineCore pid=3419082) INFO 2026-08-09 23:09:50,459 emmy.serving.gen_runner: [gen_runner] static decode tier covers configured capacity 1 (bucket 1) — omitting symbolic arenas
(EngineCore pid=3419082) INFO 2026-08-09 23:09:50,461 emmy.serving.gen_runner: [gen_runner] compiling layer 1/48 (pre + post + decode)...
(EngineCore pid=3419082) INFO 2026-08-09 23:09:50,462 emmy.compiler.trace.torch: torch.export.export() starting...
(EngineCore pid=3419082) INFO 2026-08-09 23:09:50,777 emmy.compiler.trace.torch: torch.export.export() done in 0.3s (41 retained FX nodes, pruned 6 dead)
(EngineCore pid=3419082) INFO 2026-08-09 23:09:50,779 emmy.compiler.trace.torch: FX→Graph IR walk done in 0.0s (58 IR nodes)
(EngineCore pid=3419082) INFO 2026-08-09 23:09:51,231 emmy.compiler.loader.quant: spelled 3 coded weight constant(s) from /home/dikobraz/Models/Laguna-S-2.1-exl3-1.98bpw
(EngineCore pid=3419082) /home/dikobraz/Projects/emmy/venv/lib/python3.12/site-packages/cupy/_environment.py:670: UserWarning: 
(EngineCore pid=3419082) --------------------------------------------------------------------------------
(EngineCore pid=3419082) 
(EngineCore pid=3419082)   CuPy may not function correctly because multiple CuPy packages are installed
(EngineCore pid=3419082)   in your environment:
(EngineCore pid=3419082) 
(EngineCore pid=3419082)     cupy-cuda12x, cupy-cuda13x
(EngineCore pid=3419082) 
(EngineCore pid=3419082)   Follow these steps to resolve this issue:
(EngineCore pid=3419082) 
(EngineCore pid=3419082)     1. For all packages listed above, run the following command to remove all
(EngineCore pid=3419082)        existing CuPy installations:
(EngineCore pid=3419082) 
(EngineCore pid=3419082)          $ pip uninstall <package_name>
(EngineCore pid=3419082) 
(EngineCore pid=3419082)       If you previously installed CuPy via conda, also run the following:
(EngineCore pid=3419082) 
(EngineCore pid=3419082)          $ conda uninstall cupy
(EngineCore pid=3419082) 
(EngineCore pid=3419082)     2. Install the appropriate CuPy package.
(EngineCore pid=3419082)        Refer to the Installation Guide for detailed instructions.
(EngineCore pid=3419082) 
(EngineCore pid=3419082)          https://docs.cupy.dev/en/stable/install.html
(EngineCore pid=3419082) 
(EngineCore pid=3419082) --------------------------------------------------------------------------------
(EngineCore pid=3419082) 
(EngineCore pid=3419082)   warnings.warn(f'''
(EngineCore pid=3419082) INFO 2026-08-09 23:09:54,890 emmy.compiler.pipeline: compile: total 0.02s (deterministic resolve)
(EngineCore pid=3419082) INFO 2026-08-09 23:09:54,918 emmy.compiler.pipeline: compile: total 0.02s (deterministic resolve)
(EngineCore pid=3419082) INFO 2026-08-09 23:09:54,946 emmy.compiler.pipeline: compile: total 0.02s (deterministic resolve)
(EngineCore pid=3419082) INFO 2026-08-09 23:09:54,974 emmy.compiler.pipeline: compile: total 0.02s (deterministic resolve)
(EngineCore pid=3419082) INFO 2026-08-09 23:09:55,001 emmy.compiler.pipeline: compile: total 0.02s (deterministic resolve)
(EngineCore pid=3419082) INFO 2026-08-09 23:09:55,029 emmy.compiler.pipeline: compile: total 0.03s (deterministic resolve)
(EngineCore pid=3419082) INFO 2026-08-09 23:09:55,057 emmy.compiler.pipeline: compile: total 0.02s (deterministic resolve)
(EngineCore pid=3419082) INFO 2026-08-09 23:09:55,085 emmy.compiler.pipeline: compile: total 0.03s (deterministic resolve)
(EngineCore pid=3419082) INFO 2026-08-09 23:09:55,114 emmy.compiler.pipeline: compile: total 0.03s (deterministic resolve)
(EngineCore pid=3419082) INFO 2026-08-09 23:09:55,142 emmy.compiler.pipeline: compile: total 0.03s (deterministic resolve)
(EngineCore pid=3419082) INFO 2026-08-09 23:09:55,170 emmy.compiler.pipeline: compile: total 0.03s (deterministic resolve)
(EngineCore pid=3419082) INFO 2026-08-09 23:09:55,198 emmy.compiler.pipeline: compile: total 0.02s (deterministic resolve)
(EngineCore pid=3419082) INFO 2026-08-09 23:09:55,226 emmy.compiler.pipeline: compile: total 0.03s (deterministic resolve)
(EngineCore pid=3419082) INFO 2026-08-09 23:09:55,254 emmy.compiler.pipeline: compile: total 0.03s (deterministic resolve)
(EngineCore pid=3419082) INFO 2026-08-09 23:09:55,282 emmy.compiler.pipeline: compile: total 0.02s (deterministic resolve)
(EngineCore pid=3419082) INFO 2026-08-09 23:09:55,310 emmy.compiler.pipeline: compile: total 0.02s (deterministic resolve)
(EngineCore pid=3419082) INFO 2026-08-09 23:09:55,337 emmy.compiler.pipeline: compile: total 0.02s (deterministic resolve)
(EngineCore pid=3419082) INFO 2026-08-09 23:09:55,365 emmy.compiler.pipeline: compile: total 0.02s (deterministic resolve)
(EngineCore pid=3419082) INFO 2026-08-09 23:09:55,393 emmy.compiler.pipeline: compile: total 0.03s (deterministic resolve)
(EngineCore pid=3419082) INFO 2026-08-09 23:09:55,421 emmy.compiler.pipeline: compile: total 0.02s (deterministic resolve)
(EngineCore pid=3419082) INFO 2026-08-09 23:09:55,450 emmy.compiler.pipeline: compile: total 0.03s (deterministic resolve)
(EngineCore pid=3419082) INFO 2026-08-09 23:09:55,478 emmy.compiler.pipeline: compile: total 0.03s (deterministic resolve)
(EngineCore pid=3419082) INFO 2026-08-09 23:09:55,501 emmy.compiler.pipeline: compile: total 0.02s (deterministic resolve)
(EngineCore pid=3419082) INFO 2026-08-09 23:09:55,524 emmy.compiler.pipeline: compile: total 0.02s (deterministic resolve)
(EngineCore pid=3419082) INFO 2026-08-09 23:09:55,548 emmy.compiler.pipeline: compile: total 0.02s (deterministic resolve)
(EngineCore pid=3419082) INFO 2026-08-09 23:09:55,575 emmy.compiler.pipeline: compile: total 0.02s (deterministic resolve)
(EngineCore pid=3419082) INFO 2026-08-09 23:09:55,603 emmy.compiler.pipeline: compile: total 0.02s (deterministic resolve)
(EngineCore pid=3419082) INFO 2026-08-09 23:09:55,631 emmy.compiler.pipeline: compile: total 0.02s (deterministic resolve)
(EngineCore pid=3419082) INFO 2026-08-09 23:09:55,659 emmy.compiler.pipeline: compile: total 0.03s (deterministic resolve)
(EngineCore pid=3419082) INFO 2026-08-09 23:09:55,687 emmy.compiler.pipeline: compile: total 0.03s (deterministic resolve)
(EngineCore pid=3419082) INFO 2026-08-09 23:09:55,715 emmy.compiler.pipeline: compile: total 0.02s (deterministic resolve)
(EngineCore pid=3419082) INFO 2026-08-09 23:09:55,743 emmy.compiler.pipeline: compile: total 0.02s (deterministic resolve)
(EngineCore pid=3419082) INFO 2026-08-09 23:09:55,770 emmy.compiler.pipeline: compile: total 0.02s (deterministic resolve)
(EngineCore pid=3419082) INFO 2026-08-09 23:09:55,798 emmy.compiler.pipeline: compile: total 0.02s (deterministic resolve)
(EngineCore pid=3419082) INFO 2026-08-09 23:09:55,826 emmy.compiler.pipeline: compile: total 0.02s (deterministic resolve)
(EngineCore pid=3419082) INFO 2026-08-09 23:09:55,854 emmy.compiler.pipeline: compile: total 0.02s (deterministic resolve)
(EngineCore pid=3419082) INFO 2026-08-09 23:09:55,882 emmy.compiler.pipeline: compile: total 0.02s (deterministic resolve)
(EngineCore pid=3419082) INFO 2026-08-09 23:09:55,910 emmy.compiler.pipeline: compile: total 0.02s (deterministic resolve)
(EngineCore pid=3419082) INFO 2026-08-09 23:09:55,937 emmy.compiler.pipeline: compile: total 0.02s (deterministic resolve)
(EngineCore pid=3419082) INFO 2026-08-09 23:09:55,965 emmy.compiler.pipeline: compile: total 0.02s (deterministic resolve)
(EngineCore pid=3419082) INFO 2026-08-09 23:09:55,993 emmy.compiler.pipeline: compile: total 0.02s (deterministic resolve)
(EngineCore pid=3419082) INFO 2026-08-09 23:09:56,021 emmy.compiler.pipeline: compile: total 0.02s (deterministic resolve)
(EngineCore pid=3419082) INFO 2026-08-09 23:09:56,048 emmy.compiler.pipeline: compile: total 0.02s (deterministic resolve)
(EngineCore pid=3419082) INFO 2026-08-09 23:09:56,076 emmy.compiler.pipeline: compile: total 0.02s (deterministic resolve)
(EngineCore pid=3419082) INFO 2026-08-09 23:09:56,224 emmy.compiler.pipeline: compile: total 0.01s (deterministic resolve)
(EngineCore pid=3419082) INFO 2026-08-09 23:09:56,235 emmy.compiler.pipeline: compile: total 0.01s (deterministic resolve)
(EngineCore pid=3419082) INFO 2026-08-09 23:09:56,245 emmy.compiler.pipeline: compile: total 0.01s (deterministic resolve)
(EngineCore pid=3419082) INFO 2026-08-09 23:09:56,255 emmy.compiler.pipeline: compile: total 0.01s (deterministic resolve)
(EngineCore pid=3419082) INFO 2026-08-09 23:09:56,265 emmy.compiler.pipeline: compile: total 0.01s (deterministic resolve)
(EngineCore pid=3419082) INFO 2026-08-09 23:09:56,275 emmy.compiler.pipeline: compile: total 0.01s (deterministic resolve)
(EngineCore pid=3419082) INFO 2026-08-09 23:09:56,285 emmy.compiler.pipeline: compile: total 0.01s (deterministic resolve)
(EngineCore pid=3419082) INFO 2026-08-09 23:09:56,296 emmy.compiler.pipeline: compile: total 0.01s (deterministic resolve)
(EngineCore pid=3419082) INFO 2026-08-09 23:09:56,306 emmy.compiler.pipeline: compile: total 0.01s (deterministic resolve)
(EngineCore pid=3419082) INFO 2026-08-09 23:09:56,316 emmy.compiler.pipeline: compile: total 0.01s (deterministic resolve)
(EngineCore pid=3419082) INFO 2026-08-09 23:09:56,326 emmy.compiler.pipeline: compile: total 0.01s (deterministic resolve)
(EngineCore pid=3419082) INFO 2026-08-09 23:09:56,337 emmy.compiler.pipeline: compile: total 0.01s (deterministic resolve)
(EngineCore pid=3419082) INFO 2026-08-09 23:09:56,347 emmy.compiler.pipeline: compile: total 0.01s (deterministic resolve)
(EngineCore pid=3419082) INFO 2026-08-09 23:09:56,357 emmy.compiler.pipeline: compile: total 0.01s (deterministic resolve)
(EngineCore pid=3419082) INFO 2026-08-09 23:09:56,371 emmy.compiler.pipeline: compile: total 0.01s (deterministic resolve)
(EngineCore pid=3419082) INFO 2026-08-09 23:09:56,376 emmy.compiler.pipeline: compile: total 0.00s (deterministic resolve)
(EngineCore pid=3419082) INFO 2026-08-09 23:09:56,390 emmy.compiler.pipeline: compile: total 0.01s (deterministic resolve)
(EngineCore pid=3419082) INFO 2026-08-09 23:09:56,395 emmy.compiler.pipeline: compile: total 0.00s (deterministic resolve)
(EngineCore pid=3419082) INFO 2026-08-09 23:09:56,414 emmy.compiler.pipeline: compile: total 0.02s (deterministic resolve)
(EngineCore pid=3419082) INFO 2026-08-09 23:09:56,432 emmy.compiler.pipeline: compile: total 0.02s (deterministic resolve)
(EngineCore pid=3419082) INFO 2026-08-09 23:09:56,451 emmy.compiler.pipeline: compile: total 0.02s (deterministic resolve)
(EngineCore pid=3419082) INFO 2026-08-09 23:09:56,455 emmy.compiler.pipeline: compile: total 0.00s (deterministic resolve)
(EngineCore pid=3419082) INFO 2026-08-09 23:09:56,458 emmy.compiler.pipeline: compile: total 0.00s (deterministic resolve)
(EngineCore pid=3419082) INFO 2026-08-09 23:09:56,472 emmy.compiler.pipeline: compile: total 0.01s (deterministic resolve)
(EngineCore pid=3419082) INFO 2026-08-09 23:09:56,477 emmy.compiler.pipeline: compile: total 0.00s (deterministic resolve)
(EngineCore pid=3419082) INFO 2026-08-09 23:09:56,491 emmy.compiler.pipeline: compile: total 0.01s (deterministic resolve)
(EngineCore pid=3419082) INFO 2026-08-09 23:09:56,495 emmy.compiler.pipeline: compile: total 0.00s (deterministic resolve)
(EngineCore pid=3419082) INFO 2026-08-09 23:09:56,514 emmy.compiler.pipeline: compile: total 0.02s (deterministic resolve)
(EngineCore pid=3419082) INFO 2026-08-09 23:09:56,532 emmy.compiler.pipeline: compile: total 0.02s (deterministic resolve)
(EngineCore pid=3419082) INFO 2026-08-09 23:09:56,551 emmy.compiler.pipeline: compile: total 0.02s (deterministic resolve)
(EngineCore pid=3419082) INFO 2026-08-09 23:09:56,555 emmy.compiler.pipeline: compile: total 0.00s (deterministic resolve)
(EngineCore pid=3419082) INFO 2026-08-09 23:09:56,558 emmy.compiler.pipeline: compile: total 0.00s (deterministic resolve)
(EngineCore pid=3419082) INFO 2026-08-09 23:09:56,599 emmy.compiler.pipeline: compile: total 0.04s (deterministic resolve)
(EngineCore pid=3419082) INFO 2026-08-09 23:09:56,640 emmy.compiler.pipeline: compile: total 0.04s (deterministic resolve)
(EngineCore pid=3419082) INFO 2026-08-09 23:09:56,681 emmy.compiler.pipeline: compile: total 0.04s (deterministic resolve)
(EngineCore pid=3419082) INFO 2026-08-09 23:09:56,721 emmy.compiler.pipeline: compile: total 0.04s (deterministic resolve)
(EngineCore pid=3419082) INFO 2026-08-09 23:09:56,732 emmy.compiler.pipeline: compile: total 0.01s (deterministic resolve)
(EngineCore pid=3419082) INFO 2026-08-09 23:09:56,742 emmy.compiler.pipeline: compile: total 0.01s (deterministic resolve)
(EngineCore pid=3419082) INFO 2026-08-09 23:09:56,752 emmy.compiler.pipeline: compile: total 0.01s (deterministic resolve)
(EngineCore pid=3419082) INFO 2026-08-09 23:09:56,763 emmy.compiler.pipeline: compile: total 0.01s (deterministic resolve)
(EngineCore pid=3419082) INFO 2026-08-09 23:09:56,773 emmy.compiler.pipeline: compile: total 0.01s (deterministic resolve)
(EngineCore pid=3419082) INFO 2026-08-09 23:09:56,783 emmy.compiler.pipeline: compile: total 0.01s (deterministic resolve)
(EngineCore pid=3419082) INFO 2026-08-09 23:09:56,793 emmy.compiler.pipeline: compile: total 0.01s (deterministic resolve)
(EngineCore pid=3419082) INFO 2026-08-09 23:09:56,803 emmy.compiler.pipeline: compile: total 0.01s (deterministic resolve)
(EngineCore pid=3419082) INFO 2026-08-09 23:09:56,814 emmy.compiler.pipeline: compile: total 0.01s (deterministic resolve)
(EngineCore pid=3419082) INFO 2026-08-09 23:09:56,824 emmy.compiler.pipeline: compile: total 0.01s (deterministic resolve)
(EngineCore pid=3419082) INFO 2026-08-09 23:09:56,871 emmy.compiler.pipeline: compile: total 0.04s (deterministic resolve)
(EngineCore pid=3419082) INFO 2026-08-09 23:09:56,918 emmy.compiler.pipeline: compile: total 0.04s (deterministic resolve)
(EngineCore pid=3419082) INFO 2026-08-09 23:09:56,937 emmy.compiler.pipeline: compile: total 0.02s (deterministic resolve)
(EngineCore pid=3419082) INFO 2026-08-09 23:09:56,953 emmy.compiler.pipeline: compile: total 0.01s (deterministic resolve)
(EngineCore pid=3419082) INFO 2026-08-09 23:09:56,971 emmy.compiler.pipeline: compile: total 0.02s (deterministic resolve)
(EngineCore pid=3419082) INFO 2026-08-09 23:09:56,989 emmy.compiler.pipeline: compile: total 0.02s (deterministic resolve)
(EngineCore pid=3419082) INFO 2026-08-09 23:09:57,008 emmy.compiler.pipeline: compile: total 0.02s (deterministic resolve)
(EngineCore pid=3419082) INFO 2026-08-09 23:09:57,027 emmy.compiler.pipeline: compile: total 0.02s (deterministic resolve)
(EngineCore pid=3419082) INFO 2026-08-09 23:09:57,045 emmy.compiler.pipeline: compile: total 0.02s (deterministic resolve)
(EngineCore pid=3419082) INFO 2026-08-09 23:09:57,064 emmy.compiler.pipeline: compile: total 0.02s (deterministic resolve)
(EngineCore pid=3419082) INFO 2026-08-09 23:09:57,082 emmy.compiler.pipeline: compile: total 0.02s (deterministic resolve)
(EngineCore pid=3419082) INFO 2026-08-09 23:09:57,101 emmy.compiler.pipeline: compile: total 0.02s (deterministic resolve)
(EngineCore pid=3419082) INFO 2026-08-09 23:09:57,119 emmy.compiler.pipeline: compile: total 0.02s (deterministic resolve)
(EngineCore pid=3419082) INFO 2026-08-09 23:09:57,130 emmy.compiler.pipeline: compile: total 0.01s (deterministic resolve)
(EngineCore pid=3419082) INFO 2026-08-09 23:09:57,140 emmy.compiler.pipeline: compile: total 0.01s (deterministic resolve)
(EngineCore pid=3419082) INFO 2026-08-09 23:09:57,150 emmy.compiler.pipeline: compile: total 0.01s (deterministic resolve)
(EngineCore pid=3419082) INFO 2026-08-09 23:09:57,160 emmy.compiler.pipeline: compile: total 0.01s (deterministic resolve)
(EngineCore pid=3419082) INFO 2026-08-09 23:09:57,170 emmy.compiler.pipeline: compile: total 0.01s (deterministic resolve)
(EngineCore pid=3419082) INFO 2026-08-09 23:09:57,216 emmy.compiler.pipeline: compile: total 0.04s (deterministic resolve)
(EngineCore pid=3419082) INFO 2026-08-09 23:09:57,227 emmy.compiler.pipeline: compile: total 0.01s (deterministic resolve)
(EngineCore pid=3419082) INFO 2026-08-09 23:09:57,237 emmy.compiler.pipeline: compile: total 0.01s (deterministic resolve)
(EngineCore pid=3419082) INFO 2026-08-09 23:09:57,247 emmy.compiler.pipeline: compile: total 0.01s (deterministic resolve)
(EngineCore pid=3419082) INFO 2026-08-09 23:09:57,293 emmy.compiler.pipeline: compile: total 0.04s (deterministic resolve)
(EngineCore pid=3419082) INFO 2026-08-09 23:09:57,312 emmy.compiler.pipeline: compile: total 0.02s (deterministic resolve)
(EngineCore pid=3419082) INFO 2026-08-09 23:09:57,322 emmy.compiler.pipeline: compile: total 0.01s (deterministic resolve)
(EngineCore pid=3419082) INFO 2026-08-09 23:09:57,332 emmy.compiler.pipeline: compile: total 0.01s (deterministic resolve)
(EngineCore pid=3419082) INFO 2026-08-09 23:09:57,342 emmy.compiler.pipeline: compile: total 0.01s (deterministic resolve)
(EngineCore pid=3419082) INFO 2026-08-09 23:09:57,389 emmy.compiler.pipeline: compile: total 0.04s (deterministic resolve)
(EngineCore pid=3419082) INFO 2026-08-09 23:09:57,399 emmy.compiler.pipeline: compile: total 0.01s (deterministic resolve)
(EngineCore pid=3419082) INFO 2026-08-09 23:09:57,410 emmy.compiler.pipeline: compile: total 0.01s (deterministic resolve)
(EngineCore pid=3419082) INFO 2026-08-09 23:09:57,420 emmy.compiler.pipeline: compile: total 0.01s (deterministic resolve)
(EngineCore pid=3419082) INFO 2026-08-09 23:09:57,467 emmy.compiler.pipeline: compile: total 0.04s (deterministic resolve)
(EngineCore pid=3419082) INFO 2026-08-09 23:09:57,515 emmy.compiler.pipeline: compile: total 0.04s (deterministic resolve)
(EngineCore pid=3419082) INFO 2026-08-09 23:09:57,882 emmy.compiler.pipeline: compile: total 0.36s (deterministic resolve)
(EngineCore pid=3419082) INFO 2026-08-09 23:09:57,893 emmy.compiler.pipeline: compile: total 0.01s (deterministic resolve)
(EngineCore pid=3419082) INFO 2026-08-09 23:09:57,903 emmy.compiler.pipeline: compile: total 0.01s (deterministic resolve)
(EngineCore pid=3419082) INFO 2026-08-09 23:09:57,914 emmy.compiler.pipeline: compile: total 0.01s (deterministic resolve)
(EngineCore pid=3419082) INFO 2026-08-09 23:09:57,924 emmy.compiler.pipeline: compile: total 0.01s (deterministic resolve)
(EngineCore pid=3419082) INFO 2026-08-09 23:09:57,934 emmy.compiler.pipeline: compile: total 0.01s (deterministic resolve)
(EngineCore pid=3419082) INFO 2026-08-09 23:09:57,944 emmy.compiler.pipeline: compile: total 0.01s (deterministic resolve)
(EngineCore pid=3419082) INFO 2026-08-09 23:09:57,955 emmy.compiler.pipeline: compile: total 0.01s (deterministic resolve)
(EngineCore pid=3419082) INFO 2026-08-09 23:09:57,965 emmy.compiler.pipeline: compile: total 0.01s (deterministic resolve)
(EngineCore pid=3419082) INFO 2026-08-09 23:09:57,975 emmy.compiler.pipeline: compile: total 0.01s (deterministic resolve)
(EngineCore pid=3419082) INFO 2026-08-09 23:09:57,985 emmy.compiler.pipeline: compile: total 0.01s (deterministic resolve)
(EngineCore pid=3419082) INFO 2026-08-09 23:09:57,995 emmy.compiler.pipeline: compile: total 0.01s (deterministic resolve)
(EngineCore pid=3419082) INFO 2026-08-09 23:09:58,005 emmy.compiler.pipeline: compile: total 0.01s (deterministic resolve)
(EngineCore pid=3419082) INFO 2026-08-09 23:09:58,016 emmy.compiler.pipeline: compile: total 0.01s (deterministic resolve)
(EngineCore pid=3419082) INFO 2026-08-09 23:09:58,026 emmy.compiler.pipeline: compile: total 0.01s (deterministic resolve)
(EngineCore pid=3419082) INFO 2026-08-09 23:09:58,036 emmy.compiler.pipeline: compile: total 0.01s (deterministic resolve)
(EngineCore pid=3419082) INFO 2026-08-09 23:09:58,046 emmy.compiler.pipeline: compile: total 0.01s (deterministic resolve)
(EngineCore pid=3419082) INFO 2026-08-09 23:09:58,057 emmy.compiler.pipeline: compile: total 0.01s (deterministic resolve)
(EngineCore pid=3419082) INFO 2026-08-09 23:09:58,067 emmy.compiler.pipeline: compile: total 0.01s (deterministic resolve)
(EngineCore pid=3419082) INFO 2026-08-09 23:09:58,077 emmy.compiler.pipeline: compile: total 0.01s (deterministic resolve)
(EngineCore pid=3419082) INFO 2026-08-09 23:09:58,087 emmy.compiler.pipeline: compile: total 0.01s (deterministic resolve)
(EngineCore pid=3419082) INFO 2026-08-09 23:09:58,098 emmy.compiler.pipeline: compile: total 0.01s (deterministic resolve)
(EngineCore pid=3419082) INFO 2026-08-09 23:09:58,108 emmy.compiler.pipeline: compile: total 0.01s (deterministic resolve)
(EngineCore pid=3419082) INFO 2026-08-09 23:09:58,118 emmy.compiler.pipeline: compile: total 0.01s (deterministic resolve)
(EngineCore pid=3419082) INFO 2026-08-09 23:09:58,128 emmy.compiler.pipeline: compile: total 0.01s (deterministic resolve)
(EngineCore pid=3419082) INFO 2026-08-09 23:09:58,139 emmy.compiler.pipeline: compile: total 0.01s (deterministic resolve)
(EngineCore pid=3419082) INFO 2026-08-09 23:09:58,149 emmy.compiler.pipeline: compile: total 0.01s (deterministic resolve)
(EngineCore pid=3419082) INFO 2026-08-09 23:09:58,159 emmy.compiler.pipeline: compile: total 0.01s (deterministic resolve)
(EngineCore pid=3419082) INFO 2026-08-09 23:09:58,170 emmy.compiler.pipeline: compile: total 0.01s (deterministic resolve)
(EngineCore pid=3419082) INFO 2026-08-09 23:09:58,180 emmy.compiler.pipeline: compile: total 0.01s (deterministic resolve)
(EngineCore pid=3419082) INFO 2026-08-09 23:09:58,190 emmy.compiler.pipeline: compile: total 0.01s (deterministic resolve)
(EngineCore pid=3419082) INFO 2026-08-09 23:09:58,201 emmy.compiler.pipeline: compile: total 0.01s (deterministic resolve)
(EngineCore pid=3419082) INFO 2026-08-09 23:09:58,211 emmy.compiler.pipeline: compile: total 0.01s (deterministic resolve)
(EngineCore pid=3419082) INFO 2026-08-09 23:09:58,222 emmy.compiler.pipeline: compile: total 0.01s (deterministic resolve)
(EngineCore pid=3419082) INFO 2026-08-09 23:09:58,232 emmy.compiler.pipeline: compile: total 0.01s (deterministic resolve)
(EngineCore pid=3419082) INFO 2026-08-09 23:09:58,243 emmy.compiler.pipeline: compile: total 0.01s (deterministic resolve)
(EngineCore pid=3419082) INFO 2026-08-09 23:09:58,253 emmy.compiler.pipeline: compile: total 0.01s (deterministic resolve)
(EngineCore pid=3419082) INFO 2026-08-09 23:09:58,272 emmy.compiler.pipeline: compile: total 0.02s (deterministic resolve)
(EngineCore pid=3419082) INFO 2026-08-09 23:09:58,291 emmy.compiler.pipeline: compile: total 0.02s (deterministic resolve)
(EngineCore pid=3419082) INFO 2026-08-09 23:09:58,310 emmy.compiler.pipeline: compile: total 0.02s (deterministic resolve)
(EngineCore pid=3419082) INFO 2026-08-09 23:09:58,328 emmy.compiler.pipeline: compile: total 0.02s (deterministic resolve)
(EngineCore pid=3419082) INFO 2026-08-09 23:09:58,332 emmy.compiler.pipeline: compile: total 0.00s (deterministic resolve)
(EngineCore pid=3419082) INFO 2026-08-09 23:09:58,336 emmy.compiler.pipeline: compile: total 0.00s (deterministic resolve)
(EngineCore pid=3419082) INFO 2026-08-09 23:09:58,339 emmy.compiler.pipeline: compile: total 0.00s (deterministic resolve)
(EngineCore pid=3419082) INFO 2026-08-09 23:09:58,350 emmy.compiler.pipeline: compile: total 0.01s (deterministic resolve)
(EngineCore pid=3419082) INFO 2026-08-09 23:09:58,360 emmy.compiler.pipeline: compile: total 0.01s (deterministic resolve)
(EngineCore pid=3419082) INFO 2026-08-09 23:09:58,370 emmy.compiler.pipeline: compile: total 0.01s (deterministic resolve)
(EngineCore pid=3419082) INFO 2026-08-09 23:09:58,380 emmy.compiler.pipeline: compile: total 0.01s (deterministic resolve)
(EngineCore pid=3419082) INFO 2026-08-09 23:09:58,390 emmy.compiler.pipeline: compile: total 0.01s (deterministic resolve)
(EngineCore pid=3419082) INFO 2026-08-09 23:09:58,401 emmy.compiler.pipeline: compile: total 0.01s (deterministic resolve)
(EngineCore pid=3419082) INFO 2026-08-09 23:09:58,411 emmy.compiler.pipeline: compile: total 0.01s (deterministic resolve)
(EngineCore pid=3419082) INFO 2026-08-09 23:09:58,421 emmy.compiler.pipeline: compile: total 0.01s (deterministic resolve)
(EngineCore pid=3419082) INFO 2026-08-09 23:09:58,432 emmy.compiler.pipeline: compile: total 0.01s (deterministic resolve)
(EngineCore pid=3419082) INFO 2026-08-09 23:09:58,442 emmy.compiler.pipeline: compile: total 0.01s (deterministic resolve)
(EngineCore pid=3419082) INFO 2026-08-09 23:09:58,452 emmy.compiler.pipeline: compile: total 0.01s (deterministic resolve)
(EngineCore pid=3419082) INFO 2026-08-09 23:09:58,462 emmy.compiler.pipeline: compile: total 0.01s (deterministic resolve)
(EngineCore pid=3419082) INFO 2026-08-09 23:09:58,473 emmy.compiler.pipeline: compile: total 0.01s (deterministic resolve)
(EngineCore pid=3419082) INFO 2026-08-09 23:09:58,483 emmy.compiler.pipeline: compile: total 0.01s (deterministic resolve)
(EngineCore pid=3419082) INFO 2026-08-09 23:09:58,493 emmy.compiler.pipeline: compile: total 0.01s (deterministic resolve)
(EngineCore pid=3419082) INFO 2026-08-09 23:09:58,503 emmy.compiler.pipeline: compile: total 0.01s (deterministic resolve)
(EngineCore pid=3419082) INFO 2026-08-09 23:09:58,514 emmy.compiler.pipeline: compile: total 0.01s (deterministic resolve)
(EngineCore pid=3419082) INFO 2026-08-09 23:09:58,524 emmy.compiler.pipeline: compile: total 0.01s (deterministic resolve)
(EngineCore pid=3419082) INFO 2026-08-09 23:09:58,535 emmy.compiler.pipeline: compile: total 0.01s (deterministic resolve)
(EngineCore pid=3419082) INFO 2026-08-09 23:09:58,545 emmy.compiler.pipeline: compile: total 0.01s (deterministic resolve)
(EngineCore pid=3419082) INFO 2026-08-09 23:09:58,555 emmy.compiler.pipeline: compile: total 0.01s (deterministic resolve)
(EngineCore pid=3419082) INFO 2026-08-09 23:09:58,574 emmy.compiler.pipeline: compile: total 0.02s (deterministic resolve)
(EngineCore pid=3419082) INFO 2026-08-09 23:09:58,593 emmy.compiler.pipeline: compile: total 0.02s (deterministic resolve)
(EngineCore pid=3419082) INFO 2026-08-09 23:09:58,612 emmy.compiler.pipeline: compile: total 0.02s (deterministic resolve)
(EngineCore pid=3419082) INFO 2026-08-09 23:09:58,679 emmy.compiler.pipeline: compile: total 0.06s (deterministic resolve)
(EngineCore pid=3419082) INFO 2026-08-09 23:09:58,746 emmy.compiler.pipeline: compile: total 0.06s (deterministic resolve)
(EngineCore pid=3419082) INFO 2026-08-09 23:09:58,756 emmy.compiler.pipeline: compile: total 0.01s (deterministic resolve)
(EngineCore pid=3419082) INFO 2026-08-09 23:09:58,767 emmy.compiler.pipeline: compile: total 0.01s (deterministic resolve)
(EngineCore pid=3419082) INFO 2026-08-09 23:09:58,777 emmy.compiler.pipeline: compile: total 0.01s (deterministic resolve)
(EngineCore pid=3419082) INFO 2026-08-09 23:09:58,787 emmy.compiler.pipeline: compile: total 0.01s (deterministic resolve)
(EngineCore pid=3419082) INFO 2026-08-09 23:09:58,797 emmy.compiler.pipeline: compile: total 0.01s (deterministic resolve)
(EngineCore pid=3419082) INFO 2026-08-09 23:09:58,825 emmy.compiler.pipeline: compile: total 0.03s (deterministic resolve)
(EngineCore pid=3419082) INFO 2026-08-09 23:09:58,893 emmy.compiler.pipeline: compile: total 0.06s (deterministic resolve)
(EngineCore pid=3419082) INFO 2026-08-09 23:09:58,921 emmy.compiler.pipeline: compile: total 0.02s (deterministic resolve)
(EngineCore pid=3419082) INFO 2026-08-09 23:09:58,948 emmy.compiler.pipeline: compile: total 0.02s (deterministic resolve)
(EngineCore pid=3419082) INFO 2026-08-09 23:09:59,016 emmy.compiler.pipeline: compile: total 0.06s (deterministic resolve)
(EngineCore pid=3419082) INFO 2026-08-09 23:09:59,026 emmy.compiler.pipeline: compile: total 0.01s (deterministic resolve)
(EngineCore pid=3419082) INFO 2026-08-09 23:09:59,036 emmy.compiler.pipeline: compile: total 0.01s (deterministic resolve)
(EngineCore pid=3419082) INFO 2026-08-09 23:09:59,055 emmy.compiler.pipeline: compile: total 0.02s (deterministic resolve)
(EngineCore pid=3419082) INFO 2026-08-09 23:09:59,059 emmy.compiler.pipeline: compile: total 0.00s (deterministic resolve)
(EngineCore pid=3419082) INFO 2026-08-09 23:09:59,063 emmy.compiler.pipeline: compile: total 0.00s (deterministic resolve)
(EngineCore pid=3419082) INFO 2026-08-09 23:09:59,067 emmy.compiler.pipeline: compile: total 0.00s (deterministic resolve)
(EngineCore pid=3419082) INFO 2026-08-09 23:09:59,071 emmy.compiler.pipeline: compile: total 0.00s (deterministic resolve)
(EngineCore pid=3419082) INFO 2026-08-09 23:09:59,075 emmy.compiler.pipeline: compile: total 0.00s (deterministic resolve)
(EngineCore pid=3419082) INFO 2026-08-09 23:09:59,079 emmy.compiler.pipeline: compile: total 0.00s (deterministic resolve)
(EngineCore pid=3419082) INFO 2026-08-09 23:09:59,090 emmy.compiler.pipeline: compile: total 0.01s (deterministic resolve)
(EngineCore pid=3419082) INFO 2026-08-09 23:09:59,100 emmy.compiler.pipeline: compile: total 0.01s (deterministic resolve)
(EngineCore pid=3419082) INFO 2026-08-09 23:09:59,119 emmy.compiler.pipeline: compile: total 0.02s (deterministic resolve)
(EngineCore pid=3419082) INFO 2026-08-09 23:09:59,138 emmy.compiler.pipeline: compile: total 0.02s (deterministic resolve)
(EngineCore pid=3419082) INFO 2026-08-09 23:09:59,159 emmy.compiler.pipeline: compile: total 0.02s (deterministic resolve)
(EngineCore pid=3419082) INFO 2026-08-09 23:09:59,180 emmy.compiler.pipeline: compile: total 0.02s (deterministic resolve)
(EngineCore pid=3419082) INFO 2026-08-09 23:09:59,201 emmy.compiler.pipeline: compile: total 0.02s (deterministic resolve)
(EngineCore pid=3419082) INFO 2026-08-09 23:09:59,220 emmy.compiler.pipeline: compile: total 0.02s (deterministic resolve)
(EngineCore pid=3419082) INFO 2026-08-09 23:09:59,223 emmy.compiler.pipeline: compile: total 0.00s (deterministic resolve)
(EngineCore pid=3419082) INFO 2026-08-09 23:09:59,227 emmy.compiler.pipeline: compile: total 0.00s (deterministic resolve)
(EngineCore pid=3419082) INFO 2026-08-09 23:09:59,231 emmy.compiler.pipeline: compile: total 0.00s (deterministic resolve)
(EngineCore pid=3419082) INFO 2026-08-09 23:09:59,234 emmy.compiler.pipeline: compile: total 0.00s (deterministic resolve)
(EngineCore pid=3419082) INFO 2026-08-09 23:09:59,238 emmy.compiler.pipeline: compile: total 0.00s (deterministic resolve)
(EngineCore pid=3419082) INFO 2026-08-09 23:09:59,242 emmy.compiler.pipeline: compile: total 0.00s (deterministic resolve)
(EngineCore pid=3419082) INFO 2026-08-09 23:09:59,245 emmy.compiler.pipeline: compile: total 0.00s (deterministic resolve)
(EngineCore pid=3419082) INFO 2026-08-09 23:09:59,249 emmy.compiler.pipeline: compile: total 0.00s (deterministic resolve)
(EngineCore pid=3419082) INFO 2026-08-09 23:09:59,253 emmy.compiler.pipeline: compile: total 0.00s (deterministic resolve)
(EngineCore pid=3419082) INFO 2026-08-09 23:09:59,256 emmy.compiler.pipeline: compile: total 0.00s (deterministic resolve)
(EngineCore pid=3419082) INFO 2026-08-09 23:09:59,267 emmy.compiler.pipeline: compile: total 0.01s (deterministic resolve)
(EngineCore pid=3419082) INFO 2026-08-09 23:09:59,272 emmy.compiler.pipeline: compile: total 0.00s (deterministic resolve)
(EngineCore pid=3419082) INFO 2026-08-09 23:09:59,275 emmy.compiler.pipeline: compile: total 0.00s (deterministic resolve)
(EngineCore pid=3419082) INFO 2026-08-09 23:09:59,279 emmy.compiler.pipeline: compile: total 0.00s (deterministic resolve)
(EngineCore pid=3419082) INFO 2026-08-09 23:09:59,282 emmy.compiler.pipeline: compile: total 0.00s (deterministic resolve)
(EngineCore pid=3419082) INFO 2026-08-09 23:09:59,311 emmy.compiler.pipeline: compile: total 0.03s (deterministic resolve)
(EngineCore pid=3419082) INFO 2026-08-09 23:09:59,315 emmy.compiler.pipeline: compile: total 0.00s (deterministic resolve)
(EngineCore pid=3419082) INFO 2026-08-09 23:09:59,319 emmy.compiler.pipeline: compile: total 0.00s (deterministic resolve)
(EngineCore pid=3419082) INFO 2026-08-09 23:09:59,322 emmy.compiler.pipeline: compile: total 0.00s (deterministic resolve)
(EngineCore pid=3419082) INFO 2026-08-09 23:09:59,333 emmy.compiler.pipeline: compile: total 0.01s (deterministic resolve)
(EngineCore pid=3419082) INFO 2026-08-09 23:09:59,343 emmy.compiler.pipeline: compile: total 0.01s (deterministic resolve)
(EngineCore pid=3419082) INFO 2026-08-09 23:09:59,354 emmy.compiler.pipeline: compile: total 0.01s (deterministic resolve)
(EngineCore pid=3419082) INFO 2026-08-09 23:09:59,358 emmy.compiler.pipeline: compile: total 0.00s (deterministic resolve)
(EngineCore pid=3419082) INFO 2026-08-09 23:09:59,361 emmy.compiler.pipeline: compile: total 0.00s (deterministic resolve)
(EngineCore pid=3419082) INFO 2026-08-09 23:09:59,390 emmy.compiler.pipeline: compile: total 0.03s (deterministic resolve)
(EngineCore pid=3419082) INFO 2026-08-09 23:09:59,400 emmy.compiler.pipeline: compile: total 0.01s (deterministic resolve)
(EngineCore pid=3419082) INFO 2026-08-09 23:09:59,411 emmy.compiler.pipeline: compile: total 0.01s (deterministic resolve)
(EngineCore pid=3419082) INFO 2026-08-09 23:09:59,421 emmy.compiler.pipeline: compile: total 0.01s (deterministic resolve)
(EngineCore pid=3419082) INFO 2026-08-09 23:09:59,432 emmy.compiler.pipeline: compile: total 0.01s (deterministic resolve)
(EngineCore pid=3419082) INFO 2026-08-09 23:09:59,442 emmy.compiler.pipeline: compile: total 0.01s (deterministic resolve)
(EngineCore pid=3419082) INFO 2026-08-09 23:09:59,453 emmy.compiler.pipeline: compile: total 0.01s (deterministic resolve)
(EngineCore pid=3419082) INFO 2026-08-09 23:09:59,463 emmy.compiler.pipeline: compile: total 0.01s (deterministic resolve)
(EngineCore pid=3419082) INFO 2026-08-09 23:09:59,474 emmy.compiler.pipeline: compile: total 0.01s (deterministic resolve)
(EngineCore pid=3419082) INFO 2026-08-09 23:09:59,484 emmy.compiler.pipeline: compile: total 0.01s (deterministic resolve)
(EngineCore pid=3419082) INFO 2026-08-09 23:09:59,493 emmy.compiler.pipeline: compile: total 0.01s (deterministic resolve)
(EngineCore pid=3419082) INFO 2026-08-09 23:09:59,503 emmy.compiler.pipeline: compile: total 0.01s (deterministic resolve)
(EngineCore pid=3419082) INFO 2026-08-09 23:09:59,512 emmy.compiler.pipeline: compile: total 0.01s (deterministic resolve)
(EngineCore pid=3419082) INFO 2026-08-09 23:09:59,522 emmy.compiler.pipeline: compile: total 0.01s (deterministic resolve)
(EngineCore pid=3419082) INFO 2026-08-09 23:09:59,532 emmy.compiler.pipeline: compile: total 0.01s (deterministic resolve)
(EngineCore pid=3419082) INFO 2026-08-09 23:09:59,542 emmy.compiler.pipeline: compile: total 0.01s (deterministic resolve)
(EngineCore pid=3419082) INFO 2026-08-09 23:09:59,553 emmy.compiler.pipeline: compile: total 0.01s (deterministic resolve)
(EngineCore pid=3419082) INFO 2026-08-09 23:09:59,563 emmy.compiler.pipeline: compile: total 0.01s (deterministic resolve)
(EngineCore pid=3419082) INFO 2026-08-09 23:09:59,574 emmy.compiler.pipeline: compile: total 0.01s (deterministic resolve)
(EngineCore pid=3419082) INFO 2026-08-09 23:09:59,584 emmy.compiler.pipeline: compile: total 0.01s (deterministic resolve)
(EngineCore pid=3419082) INFO 2026-08-09 23:09:59,595 emmy.compiler.pipeline: compile: total 0.01s (deterministic resolve)
(EngineCore pid=3419082) INFO 2026-08-09 23:09:59,605 emmy.compiler.pipeline: compile: total 0.01s (deterministic resolve)
(EngineCore pid=3419082) INFO 2026-08-09 23:09:59,625 emmy.compiler.pipeline: compile: total 0.02s (deterministic resolve)
(EngineCore pid=3419082) INFO 2026-08-09 23:09:59,644 emmy.compiler.pipeline: compile: total 0.02s (deterministic resolve)
(EngineCore pid=3419082) INFO 2026-08-09 23:09:59,648 emmy.compiler.pipeline: compile: total 0.00s (deterministic resolve)
(EngineCore pid=3419082) INFO 2026-08-09 23:09:59,651 emmy.compiler.pipeline: compile: total 0.00s (deterministic resolve)
(EngineCore pid=3419082) INFO 2026-08-09 23:09:59,655 emmy.compiler.pipeline: compile: total 0.00s (deterministic resolve)
(EngineCore pid=3419082) INFO 2026-08-09 23:09:59,658 emmy.compiler.pipeline: compile: total 0.00s (deterministic resolve)
(EngineCore pid=3419082) INFO 2026-08-09 23:09:59,662 emmy.compiler.pipeline: compile: total 0.00s (deterministic resolve)
(EngineCore pid=3419082) INFO 2026-08-09 23:09:59,667 emmy.compiler.pipeline: compile: total 0.00s (deterministic resolve)
(EngineCore pid=3419082) INFO 2026-08-09 23:09:59,671 emmy.compiler.pipeline: compile: total 0.00s (deterministic resolve)
(EngineCore pid=3419082) INFO 2026-08-09 23:09:59,675 emmy.compiler.pipeline: compile: total 0.00s (deterministic resolve)
(EngineCore pid=3419082) INFO 2026-08-09 23:09:59,685 emmy.compiler.pipeline: compile: total 0.01s (deterministic resolve)
(EngineCore pid=3419082) INFO 2026-08-09 23:09:59,695 emmy.compiler.pipeline: compile: total 0.01s (deterministic resolve)
(EngineCore pid=3419082) INFO 2026-08-09 23:09:59,706 emmy.compiler.pipeline: compile: total 0.01s (deterministic resolve)
(EngineCore pid=3419082) INFO 2026-08-09 23:09:59,716 emmy.compiler.pipeline: compile: total 0.01s (deterministic resolve)
(EngineCore pid=3419082) INFO 2026-08-09 23:09:59,727 emmy.compiler.pipeline: compile: total 0.01s (deterministic resolve)
(EngineCore pid=3419082) INFO 2026-08-09 23:09:59,737 emmy.compiler.pipeline: compile: total 0.01s (deterministic resolve)
(EngineCore pid=3419082) INFO 2026-08-09 23:09:59,748 emmy.compiler.pipeline: compile: total 0.01s (deterministic resolve)
(EngineCore pid=3419082) INFO 2026-08-09 23:09:59,767 emmy.compiler.pipeline: compile: total 0.02s (deterministic resolve)
(EngineCore pid=3419082) INFO 2026-08-09 23:09:59,777 emmy.compiler.pipeline: compile: total 0.01s (deterministic resolve)
(EngineCore pid=3419082) INFO 2026-08-09 23:09:59,787 emmy.compiler.pipeline: compile: total 0.01s (deterministic resolve)
(EngineCore pid=3419082) INFO 2026-08-09 23:09:59,792 emmy.compiler.pipeline: compile: total 0.00s (deterministic resolve)
(EngineCore pid=3419082) INFO 2026-08-09 23:09:59,796 emmy.compiler.pipeline: compile: total 0.00s (deterministic resolve)
(EngineCore pid=3419082) INFO 2026-08-09 23:09:59,806 emmy.compiler.pipeline: compile: total 0.01s (deterministic resolve)
(EngineCore pid=3419082) INFO 2026-08-09 23:09:59,817 emmy.compiler.pipeline: compile: total 0.01s (deterministic resolve)
(EngineCore pid=3419082) INFO 2026-08-09 23:09:59,827 emmy.compiler.pipeline: compile: total 0.01s (deterministic resolve)
(EngineCore pid=3419082) INFO 2026-08-09 23:09:59,837 emmy.compiler.pipeline: compile: total 0.01s (deterministic resolve)
(EngineCore pid=3419082) INFO 2026-08-09 23:09:59,848 emmy.compiler.pipeline: compile: total 0.01s (deterministic resolve)
(EngineCore pid=3419082) INFO 2026-08-09 23:09:59,858 emmy.compiler.pipeline: compile: total 0.01s (deterministic resolve)
(EngineCore pid=3419082) INFO 2026-08-09 23:09:59,862 emmy.compiler.pipeline: compile: total 0.00s (deterministic resolve)
(EngineCore pid=3419082) INFO 2026-08-09 23:09:59,865 emmy.compiler.pipeline: compile: total 0.00s (deterministic resolve)
(EngineCore pid=3419082) INFO 2026-08-09 23:09:59,869 emmy.compiler.pipeline: compile: total 0.00s (deterministic resolve)
(EngineCore pid=3419082) INFO 2026-08-09 23:09:59,872 emmy.compiler.pipeline: compile: total 0.00s (deterministic resolve)
(EngineCore pid=3419082) INFO 2026-08-09 23:09:59,883 emmy.compiler.pipeline: compile: total 0.01s (deterministic resolve)
(EngineCore pid=3419082) INFO 2026-08-09 23:09:59,893 emmy.compiler.pipeline: compile: total 0.01s (deterministic resolve)
(EngineCore pid=3419082) INFO 2026-08-09 23:09:59,904 emmy.compiler.pipeline: compile: total 0.01s (deterministic resolve)
(EngineCore pid=3419082) INFO 2026-08-09 23:09:59,914 emmy.compiler.pipeline: compile: total 0.01s (deterministic resolve)
(EngineCore pid=3419082) INFO 2026-08-09 23:09:59,925 emmy.compiler.pipeline: compile: total 0.01s (deterministic resolve)
(EngineCore pid=3419082) INFO 2026-08-09 23:09:59,935 emmy.compiler.pipeline: compile: total 0.01s (deterministic resolve)
(EngineCore pid=3419082) INFO 2026-08-09 23:09:59,938 emmy.compiler.pipeline: compile: total 0.00s (deterministic resolve)
(EngineCore pid=3419082) INFO 2026-08-09 23:09:59,942 emmy.compiler.pipeline: compile: total 0.00s (deterministic resolve)
(EngineCore pid=3419082) INFO 2026-08-09 23:09:59,947 emmy.compiler.pipeline: compile: total 0.00s (deterministic resolve)
(EngineCore pid=3419082) INFO 2026-08-09 23:09:59,957 emmy.compiler.pipeline: compile: total 0.01s (deterministic resolve)
(EngineCore pid=3419082) INFO 2026-08-09 23:09:59,968 emmy.compiler.pipeline: compile: total 0.01s (deterministic resolve)
(EngineCore pid=3419082) INFO 2026-08-09 23:09:59,978 emmy.compiler.pipeline: compile: total 0.01s (deterministic resolve)
(EngineCore pid=3419082) INFO 2026-08-09 23:09:59,989 emmy.compiler.pipeline: compile: total 0.01s (deterministic resolve)
(EngineCore pid=3419082) INFO 2026-08-09 23:09:59,999 emmy.compiler.pipeline: compile: total 0.01s (deterministic resolve)
(EngineCore pid=3419082) INFO 2026-08-09 23:10:00,009 emmy.compiler.pipeline: compile: total 0.01s (deterministic resolve)
(EngineCore pid=3419082) INFO 2026-08-09 23:10:00,013 emmy.compiler.pipeline: compile: total 0.00s (deterministic resolve)
(EngineCore pid=3419082) INFO 2026-08-09 23:10:00,017 emmy.compiler.pipeline: compile: total 0.00s (deterministic resolve)
(EngineCore pid=3419082) INFO 2026-08-09 23:10:00,021 emmy.compiler.pipeline: compile: total 0.00s (deterministic resolve)
(EngineCore pid=3419082) INFO 2026-08-09 23:10:00,040 emmy.compiler.pipeline: compile: total 0.02s (deterministic resolve)
(EngineCore pid=3419082) INFO 2026-08-09 23:10:00,049 emmy.compiler.pipeline: compile: total 0.01s (deterministic resolve)
(EngineCore pid=3419082) INFO 2026-08-09 23:10:00,059 emmy.compiler.pipeline: compile: total 0.01s (deterministic resolve)
(EngineCore pid=3419082) INFO 2026-08-09 23:10:00,069 emmy.compiler.pipeline: compile: total 0.01s (deterministic resolve)
(EngineCore pid=3419082) INFO 2026-08-09 23:10:00,080 emmy.compiler.pipeline: compile: total 0.01s (deterministic resolve)
(EngineCore pid=3419082) INFO 2026-08-09 23:10:00,090 emmy.compiler.pipeline: compile: total 0.01s (deterministic resolve)
(EngineCore pid=3419082) INFO 2026-08-09 23:10:00,109 emmy.compiler.pipeline: compile: total 0.02s (deterministic resolve)
(EngineCore pid=3419082) INFO 2026-08-09 23:10:00,118 emmy.compiler.pipeline: compile: total 0.01s (deterministic resolve)
(EngineCore pid=3419082) INFO 2026-08-09 23:10:00,128 emmy.compiler.pipeline: compile: total 0.01s (deterministic resolve)
(EngineCore pid=3419082) INFO 2026-08-09 23:10:00,143 emmy.compiler.pipeline: compile: total 0.01s (deterministic resolve)
(EngineCore pid=3419082) INFO 2026-08-09 23:10:00,153 emmy.compiler.pipeline: compile: total 0.01s (deterministic resolve)
(EngineCore pid=3419082) INFO 2026-08-09 23:10:00,164 emmy.compiler.pipeline: compile: total 0.01s (deterministic resolve)
(EngineCore pid=3419082) INFO 2026-08-09 23:10:00,174 emmy.compiler.pipeline: compile: total 0.01s (deterministic resolve)
(EngineCore pid=3419082) INFO 2026-08-09 23:10:00,184 emmy.compiler.pipeline: compile: total 0.01s (deterministic resolve)
(EngineCore pid=3419082) INFO 2026-08-09 23:10:04,120 emmy.compiler.pipeline: compile: total 12.79s (deterministic resolve)
(EngineCore pid=3419082) INFO 2026-08-09 23:10:04,683 emmy.compiler.backend.cuda.program: [cuda] CompiledProgram.build: 17 launch(es) compile+alloc=0.03s kernels=[0:k_mean_e36245, 1:k_cast_linear_matmul_reduce_de91e0__partial, 2:k_cast_linear_matmul_reduce_de91e0__partial, 3:k_cast_linear_matmul_reduce_de91e0__partial, 4:k_cast_linear_matmul_reduce_de91e0, 5:k_cast_linear_matmul_reduce_de91e0, 6:k_cast_linear_matmul_reduce_de91e0, 7:k_bitcast_cast_linear_matmul_reduce_a98486, 8:k_bitcast_cast_linear_matmul_reduce_18d77e, 9:k_bitcast_cast_linear_matmul_reduce_5b63ae, 10:k_cast_linear_matmul_reduce_cf207b__partial, 11:k_cast_linear_matmul_reduce_369764, 12:k_cast_linear_matmul_reduce_d73f75__partial, 13:k_cast_linear_matmul_reduce_cf207b, 14:k_cast_linear_matmul_reduce_d73f75, 15:k_mean_e22c85, 16:k_mean_fb3667]
(EngineCore pid=3419082) INFO 2026-08-09 23:10:04,683 emmy.compiler.backend.cuda.program: [cuda] buffer-reuse: scratch slab=0.00 GB (0.00 GB naive, 1.8x) over 14 scratch buf(s)
(EngineCore pid=3419082) INFO 2026-08-09 23:10:04,684 emmy.compiler.trace.torch: torch.export.export() starting...
(EngineCore pid=3419082) INFO 2026-08-09 23:10:04,716 emmy.compiler.trace.torch: torch.export.export() done in 0.0s (42 retained FX nodes, pruned 6 dead)
(EngineCore pid=3419082) INFO 2026-08-09 23:10:04,717 emmy.compiler.trace.torch: FX→Graph IR walk done in 0.0s (55 IR nodes)
(EngineCore pid=3419082) INFO 2026-08-09 23:10:05,188 emmy.compiler.loader.quant: spelled 4 coded weight constant(s) from /home/dikobraz/Models/Laguna-S-2.1-exl3-1.98bpw
(EngineCore pid=3419082) INFO 2026-08-09 23:10:08,324 emmy.compiler.pipeline: compile: total 3.11s (deterministic resolve)
(EngineCore pid=3419082) INFO 2026-08-09 23:10:08,887 emmy.compiler.backend.cuda.program: [cuda] CompiledProgram.build: 26 launch(es) compile+alloc=0.01s kernels=[0:k_bitcast_cast_pointwise_bd0953, 1:k_bitcast_cast_pointwise_af9fb3, 2:k_bitcast_cast_pointwise_5da69c, 3:k_bitcast_cast_pointwise_af9fb3, 4:k_bitcast_cast_pointwise_af9fb3, 5:k_linear_mean_reduce_5e93f3, 6:k_bitcast_cast_pointwise_8967e6, 7:k_bitcast_cast_pointwise_f2e0a9, 8:k_bitcast_cast_pointwise_1bcca0, 9:k_cast_linear_matmul_reduce_a825dd__partial, 10:k_cast_linear_matmul_reduce_a825dd, 11:k_cast_linear_matmul_bitcast_reduce_a91b88, 12:k_cast_linear_matmul_reduce_76ca05__partial, 13:k_cast_linear_matmul_reduce_76ca05, 14:k_mean_e36245, 15:k_cast_linear_matmul_reduce_de91e0__partial, 16:k_cast_linear_matmul_reduce_de91e0__partial, 17:k_cast_linear_matmul_reduce_de91e0, 18:k_cast_linear_matmul_reduce_de91e0, 19:k_bitcast_cast_linear_matmul_reduce_dd69ca, 20:k_bitcast_cast_linear_matmul_reduce_dd69ca, 21:k_cast_linear_matmul_reduce_22c178, 22:k_cast_linear_matmul_reduce_d57a64, 23:k_bitcast_cast_linear_matmul_reduce_3ec187, 24:k_cast_linear_matmul_reduce_76ca05__partial, 25:k_cast_linear_matmul_reduce_76ca05]
(EngineCore pid=3419082) INFO 2026-08-09 23:10:08,887 emmy.compiler.backend.cuda.program: [cuda] buffer-reuse: scratch slab=1.25 GB (1.43 GB naive, 1.2x) over 25 scratch buf(s)
(EngineCore pid=3419082) INFO 2026-08-09 23:10:08,889 emmy.serving.gen_runner: [gen_runner] compiling layer 2/48 (pre + post + decode)...
(EngineCore pid=3419082) INFO 2026-08-09 23:10:08,891 emmy.compiler.trace.torch: torch.export.export() starting...
(EngineCore pid=3419082) INFO 2026-08-09 23:10:08,903 emmy.compiler.trace.torch: torch.export.export() done in 0.0s (11 retained FX nodes)
(EngineCore pid=3419082) INFO 2026-08-09 23:10:08,904 emmy.compiler.trace.torch: FX→Graph IR walk done in 0.0s (12 IR nodes)
(EngineCore pid=3419082) INFO 2026-08-09 23:10:10,933 emmy.compiler.pipeline: compile: total 2.02s (deterministic resolve)
(EngineCore pid=3419082) INFO 2026-08-09 23:10:11,305 emmy.compiler.backend.cuda.program: [cuda] CompiledProgram.build: 17 launch(es) compile+alloc=0.37s kernels=[0:k_bitcast_cast_pointwise_b18f65, 1:k_bitcast_cast_pointwise_157d6a, 2:k_bitcast_cast_pointwise_b18f65, 3:k_bitcast_cast_pointwise_b18f65, 4:k_cast_linear_matmul_reduce_de91e0__partial, 5:k_cast_linear_matmul_reduce_de91e0__partial, 6:k_bitcast_cast_pointwise_76b6ca, 7:k_bitcast_cast_pointwise_18584b, 8:k_cast_linear_matmul_reduce_de91e0, 9:k_cast_linear_matmul_reduce_de91e0, 10:k_bitcast_cast_linear_matmul_reduce_2a71cc, 11:k_bitcast_cast_linear_matmul_reduce_239df9, 12:k_cast_linear_matmul_reduce_cd9413, 13:k_cast_linear_matmul_reduce_63aae0, 14:k_bitcast_cast_linear_matmul_reduce_0d0c87, 15:k_cast_linear_matmul_reduce_f9f434__partial, 16:k_cast_linear_matmul_reduce_f9f434]
(EngineCore pid=3419082) INFO 2026-08-09 23:10:11,306 emmy.compiler.backend.cuda.program: [cuda] buffer-reuse: scratch slab=0.10 GB (0.11 GB naive, 1.1x) over 16 scratch buf(s)
(EngineCore pid=3419082) INFO 2026-08-09 23:10:11,307 emmy.compiler.trace.torch: torch.export.export() starting...
(EngineCore pid=3419082) INFO 2026-08-09 23:10:11,316 emmy.compiler.trace.torch: torch.export.export() done in 0.0s (11 retained FX nodes)
(EngineCore pid=3419082) INFO 2026-08-09 23:10:11,317 emmy.compiler.trace.torch: FX→Graph IR walk done in 0.0s (12 IR nodes)
(EngineCore pid=3419082) INFO 2026-08-09 23:10:11,325 emmy.compiler.backend.cuda.program: [cuda] CompiledProgram.build: 17 launch(es) compile+alloc=0.00s kernels=[0:k_bitcast_cast_pointwise_b18f65, 1:k_bitcast_cast_pointwise_157d6a, 2:k_bitcast_cast_pointwise_b18f65, 3:k_bitcast_cast_pointwise_b18f65, 4:k_cast_linear_matmul_reduce_de91e0__partial, 5:k_cast_linear_matmul_reduce_de91e0__partial, 6:k_bitcast_cast_pointwise_76b6ca, 7:k_bitcast_cast_pointwise_18584b, 8:k_cast_linear_matmul_reduce_de91e0, 9:k_cast_linear_matmul_reduce_de91e0, 10:k_bitcast_cast_linear_matmul_reduce_2a71cc, 11:k_bitcast_cast_linear_matmul_reduce_239df9, 12:k_cast_linear_matmul_reduce_cd9413, 13:k_cast_linear_matmul_reduce_63aae0, 14:k_bitcast_cast_linear_matmul_reduce_0d0c87, 15:k_cast_linear_matmul_reduce_f9f434__partial, 16:k_cast_linear_matmul_reduce_f9f434]
(EngineCore pid=3419082) INFO 2026-08-09 23:10:11,325 emmy.compiler.backend.cuda.program: [cuda] buffer-reuse: scratch slab=0.10 GB (0.11 GB naive, 1.1x) over 16 scratch buf(s)
(EngineCore pid=3419082) INFO 2026-08-09 23:10:11,325 emmy.compiler.trace.torch: torch.export.export() starting...
(EngineCore pid=3419082) INFO 2026-08-09 23:10:11,334 emmy.compiler.trace.torch: torch.export.export() done in 0.0s (11 retained FX nodes)
(EngineCore pid=3419082) INFO 2026-08-09 23:10:11,334 emmy.compiler.trace.torch: FX→Graph IR walk done in 0.0s (12 IR nodes)
(EngineCore pid=3419082) INFO 2026-08-09 23:10:13,338 emmy.compiler.pipeline: compile: total 1.99s (deterministic resolve)
(EngineCore pid=3419082) INFO 2026-08-09 23:10:13,666 emmy.compiler.backend.cuda.program: [cuda] CompiledProgram.build: 17 launch(es) compile+alloc=0.32s kernels=[0:k_bitcast_cast_pointwise_b18f65, 1:k_bitcast_cast_pointwise_157d6a, 2:k_bitcast_cast_pointwise_b18f65, 3:k_bitcast_cast_pointwise_b18f65, 4:k_cast_linear_matmul_reduce_de91e0__partial, 5:k_cast_linear_matmul_reduce_de91e0__partial, 6:k_bitcast_cast_pointwise_76b6ca, 7:k_bitcast_cast_pointwise_18584b, 8:k_cast_linear_matmul_reduce_de91e0, 9:k_cast_linear_matmul_reduce_de91e0, 10:k_bitcast_cast_linear_matmul_reduce_2a71cc, 11:k_bitcast_cast_linear_matmul_reduce_239df9, 12:k_cast_linear_matmul_reduce_cd9413, 13:k_cast_linear_matmul_reduce_63aae0, 14:k_bitcast_cast_linear_matmul_reduce_0d0c87, 15:k_cast_linear_matmul_reduce_f9f434__partial, 16:k_cast_linear_matmul_reduce_f9f434]
(EngineCore pid=3419082) INFO 2026-08-09 23:10:13,667 emmy.compiler.backend.cuda.program: [cuda] buffer-reuse: scratch slab=0.10 GB (0.11 GB naive, 1.1x) over 16 scratch buf(s)
(EngineCore pid=3419082) INFO 2026-08-09 23:10:13,669 emmy.compiler.backend.cuda.program: [cuda] CompiledProgram.build: 17 launch(es) compile+alloc=0.00s kernels=[0:k_bitcast_cast_pointwise_b18f65, 1:k_bitcast_cast_pointwise_157d6a, 2:k_bitcast_cast_pointwise_b18f65, 3:k_bitcast_cast_pointwise_b18f65, 4:k_cast_linear_matmul_reduce_de91e0__partial, 5:k_cast_linear_matmul_reduce_de91e0__partial, 6:k_bitcast_cast_pointwise_76b6ca, 7:k_bitcast_cast_pointwise_18584b, 8:k_cast_linear_matmul_reduce_de91e0, 9:k_cast_linear_matmul_reduce_de91e0, 10:k_bitcast_cast_linear_matmul_reduce_2a71cc, 11:k_bitcast_cast_linear_matmul_reduce_239df9, 12:k_cast_linear_matmul_reduce_cd9413, 13:k_cast_linear_matmul_reduce_63aae0, 14:k_bitcast_cast_linear_matmul_reduce_0d0c87, 15:k_cast_linear_matmul_reduce_f9f434__partial, 16:k_cast_linear_matmul_reduce_f9f434]
(EngineCore pid=3419082) INFO 2026-08-09 23:10:13,669 emmy.compiler.backend.cuda.program: [cuda] buffer-reuse: scratch slab=0.10 GB (0.11 GB naive, 1.1x) over 16 scratch buf(s)
(EngineCore pid=3419082) INFO 2026-08-09 23:10:13,670 emmy.compiler.backend.cuda.program: [cuda] CompiledProgram.build: 17 launch(es) compile+alloc=0.00s kernels=[0:k_bitcast_cast_pointwise_b18f65, 1:k_bitcast_cast_pointwise_157d6a, 2:k_bitcast_cast_pointwise_b18f65, 3:k_bitcast_cast_pointwise_b18f65, 4:k_cast_linear_matmul_reduce_de91e0__partial, 5:k_cast_linear_matmul_reduce_de91e0__partial, 6:k_bitcast_cast_pointwise_76b6ca, 7:k_bitcast_cast_pointwise_18584b, 8:k_cast_linear_matmul_reduce_de91e0, 9:k_cast_linear_matmul_reduce_de91e0, 10:k_bitcast_cast_linear_matmul_reduce_2a71cc, 11:k_bitcast_cast_linear_matmul_reduce_239df9, 12:k_cast_linear_matmul_reduce_cd9413, 13:k_cast_linear_matmul_reduce_63aae0, 14:k_bitcast_cast_linear_matmul_reduce_0d0c87, 15:k_cast_linear_matmul_reduce_f9f434__partial, 16:k_cast_linear_matmul_reduce_f9f434]
(EngineCore pid=3419082) INFO 2026-08-09 23:10:13,670 emmy.compiler.backend.cuda.program: [cuda] buffer-reuse: scratch slab=0.10 GB (0.11 GB naive, 1.1x) over 16 scratch buf(s)
(EngineCore pid=3419082) INFO 2026-08-09 23:10:13,672 emmy.compiler.backend.cuda.program: [cuda] CompiledProgram.build: 17 launch(es) compile+alloc=0.00s kernels=[0:k_bitcast_cast_pointwise_b18f65, 1:k_bitcast_cast_pointwise_157d6a, 2:k_bitcast_cast_pointwise_b18f65, 3:k_bitcast_cast_pointwise_b18f65, 4:k_cast_linear_matmul_reduce_de91e0__partial, 5:k_cast_linear_matmul_reduce_de91e0__partial, 6:k_bitcast_cast_pointwise_76b6ca, 7:k_bitcast_cast_pointwise_18584b, 8:k_cast_linear_matmul_reduce_de91e0, 9:k_cast_linear_matmul_reduce_de91e0, 10:k_bitcast_cast_linear_matmul_reduce_2a71cc, 11:k_bitcast_cast_linear_matmul_reduce_239df9, 12:k_cast_linear_matmul_reduce_cd9413, 13:k_cast_linear_matmul_reduce_63aae0, 14:k_bitcast_cast_linear_matmul_reduce_0d0c87, 15:k_cast_linear_matmul_reduce_f9f434__partial, 16:k_cast_linear_matmul_reduce_f9f434]
(EngineCore pid=3419082) INFO 2026-08-09 23:10:13,672 emmy.compiler.backend.cuda.program: [cuda] buffer-reuse: scratch slab=0.10 GB (0.11 GB naive, 1.1x) over 16 scratch buf(s)
(EngineCore pid=3419082) INFO 2026-08-09 23:10:13,673 emmy.compiler.backend.cuda.program: [cuda] CompiledProgram.build: 17 launch(es) compile+alloc=0.00s kernels=[0:k_bitcast_cast_pointwise_b18f65, 1:k_bitcast_cast_pointwise_157d6a, 2:k_bitcast_cast_pointwise_b18f65, 3:k_bitcast_cast_pointwise_b18f65, 4:k_cast_linear_matmul_reduce_de91e0__partial, 5:k_cast_linear_matmul_reduce_de91e0__partial, 6:k_bitcast_cast_pointwise_76b6ca, 7:k_bitcast_cast_pointwise_18584b, 8:k_cast_linear_matmul_reduce_de91e0, 9:k_cast_linear_matmul_reduce_de91e0, 10:k_bitcast_cast_linear_matmul_reduce_2a71cc, 11:k_bitcast_cast_linear_matmul_reduce_239df9, 12:k_cast_linear_matmul_reduce_cd9413, 13:k_cast_linear_matmul_reduce_63aae0, 14:k_bitcast_cast_linear_matmul_reduce_0d0c87, 15:k_cast_linear_matmul_reduce_f9f434__partial, 16:k_cast_linear_matmul_reduce_f9f434]
(EngineCore pid=3419082) INFO 2026-08-09 23:10:13,673 emmy.compiler.backend.cuda.program: [cuda] buffer-reuse: scratch slab=0.10 GB (0.11 GB naive, 1.1x) over 16 scratch buf(s)
(EngineCore pid=3419082) INFO 2026-08-09 23:10:13,674 emmy.compiler.backend.cuda.program: [cuda] CompiledProgram.build: 17 launch(es) compile+alloc=0.00s kernels=[0:k_bitcast_cast_pointwise_b18f65, 1:k_bitcast_cast_pointwise_157d6a, 2:k_bitcast_cast_pointwise_b18f65, 3:k_bitcast_cast_pointwise_b18f65, 4:k_cast_linear_matmul_reduce_de91e0__partial, 5:k_cast_linear_matmul_reduce_de91e0__partial, 6:k_bitcast_cast_pointwise_76b6ca, 7:k_bitcast_cast_pointwise_18584b, 8:k_cast_linear_matmul_reduce_de91e0, 9:k_cast_linear_matmul_reduce_de91e0, 10:k_bitcast_cast_linear_matmul_reduce_2a71cc, 11:k_bitcast_cast_linear_matmul_reduce_239df9, 12:k_cast_linear_matmul_reduce_cd9413, 13:k_cast_linear_matmul_reduce_63aae0, 14:k_bitcast_cast_linear_matmul_reduce_0d0c87, 15:k_cast_linear_matmul_reduce_f9f434__partial, 16:k_cast_linear_matmul_reduce_f9f434]
(EngineCore pid=3419082) INFO 2026-08-09 23:10:13,674 emmy.compiler.backend.cuda.program: [cuda] buffer-reuse: scratch slab=0.10 GB (0.11 GB naive, 1.1x) over 16 scratch buf(s)
(EngineCore pid=3419082) INFO 2026-08-09 23:10:13,675 emmy.compiler.backend.cuda.program: [cuda] CompiledProgram.build: 17 launch(es) compile+alloc=0.00s kernels=[0:k_bitcast_cast_pointwise_b18f65, 1:k_bitcast_cast_pointwise_157d6a, 2:k_bitcast_cast_pointwise_b18f65, 3:k_bitcast_cast_pointwise_b18f65, 4:k_cast_linear_matmul_reduce_de91e0__partial, 5:k_cast_linear_matmul_reduce_de91e0__partial, 6:k_bitcast_cast_pointwise_76b6ca, 7:k_bitcast_cast_pointwise_18584b, 8:k_cast_linear_matmul_reduce_de91e0, 9:k_cast_linear_matmul_reduce_de91e0, 10:k_bitcast_cast_linear_matmul_reduce_2a71cc, 11:k_bitcast_cast_linear_matmul_reduce_239df9, 12:k_cast_linear_matmul_reduce_cd9413, 13:k_cast_linear_matmul_reduce_63aae0, 14:k_bitcast_cast_linear_matmul_reduce_0d0c87, 15:k_cast_linear_matmul_reduce_f9f434__partial, 16:k_cast_linear_matmul_reduce_f9f434]
(EngineCore pid=3419082) INFO 2026-08-09 23:10:13,675 emmy.compiler.backend.cuda.program: [cuda] buffer-reuse: scratch slab=0.10 GB (0.11 GB naive, 1.1x) over 16 scratch buf(s)
(EngineCore pid=3419082) INFO 2026-08-09 23:10:13,676 emmy.compiler.backend.cuda.program: [cuda] CompiledProgram.build: 17 launch(es) compile+alloc=0.00s kernels=[0:k_bitcast_cast_pointwise_b18f65, 1:k_bitcast_cast_pointwise_157d6a, 2:k_bitcast_cast_pointwise_b18f65, 3:k_bitcast_cast_pointwise_b18f65, 4:k_cast_linear_matmul_reduce_de91e0__partial, 5:k_cast_linear_matmul_reduce_de91e0__partial, 6:k_bitcast_cast_pointwise_76b6ca, 7:k_bitcast_cast_pointwise_18584b, 8:k_cast_linear_matmul_reduce_de91e0, 9:k_cast_linear_matmul_reduce_de91e0, 10:k_bitcast_cast_linear_matmul_reduce_2a71cc, 11:k_bitcast_cast_linear_matmul_reduce_239df9, 12:k_cast_linear_matmul_reduce_cd9413, 13:k_cast_linear_matmul_reduce_63aae0, 14:k_bitcast_cast_linear_matmul_reduce_0d0c87, 15:k_cast_linear_matmul_reduce_f9f434__partial, 16:k_cast_linear_matmul_reduce_f9f434]
(EngineCore pid=3419082) INFO 2026-08-09 23:10:13,676 emmy.compiler.backend.cuda.program: [cuda] buffer-reuse: scratch slab=0.10 GB (0.11 GB naive, 1.1x) over 16 scratch buf(s)
(EngineCore pid=3419082) INFO 2026-08-09 23:10:13,678 emmy.compiler.backend.cuda.program: [cuda] CompiledProgram.build: 17 launch(es) compile+alloc=0.00s kernels=[0:k_bitcast_cast_pointwise_b18f65, 1:k_bitcast_cast_pointwise_157d6a, 2:k_bitcast_cast_pointwise_b18f65, 3:k_bitcast_cast_pointwise_b18f65, 4:k_cast_linear_matmul_reduce_de91e0__partial, 5:k_cast_linear_matmul_reduce_de91e0__partial, 6:k_bitcast_cast_pointwise_76b6ca, 7:k_bitcast_cast_pointwise_18584b, 8:k_cast_linear_matmul_reduce_de91e0, 9:k_cast_linear_matmul_reduce_de91e0, 10:k_bitcast_cast_linear_matmul_reduce_2a71cc, 11:k_bitcast_cast_linear_matmul_reduce_239df9, 12:k_cast_linear_matmul_reduce_cd9413, 13:k_cast_linear_matmul_reduce_63aae0, 14:k_bitcast_cast_linear_matmul_reduce_0d0c87, 15:k_cast_linear_matmul_reduce_f9f434__partial, 16:k_cast_linear_matmul_reduce_f9f434]
(EngineCore pid=3419082) INFO 2026-08-09 23:10:13,678 emmy.compiler.backend.cuda.program: [cuda] buffer-reuse: scratch slab=0.10 GB (0.11 GB naive, 1.1x) over 16 scratch buf(s)
(EngineCore pid=3419082) INFO 2026-08-09 23:10:13,679 emmy.compiler.backend.cuda.program: [cuda] CompiledProgram.build: 17 launch(es) compile+alloc=0.00s kernels=[0:k_bitcast_cast_pointwise_b18f65, 1:k_bitcast_cast_pointwise_157d6a, 2:k_bitcast_cast_pointwise_b18f65, 3:k_bitcast_cast_pointwise_b18f65, 4:k_cast_linear_matmul_reduce_de91e0__partial, 5:k_cast_linear_matmul_reduce_de91e0__partial, 6:k_bitcast_cast_pointwise_76b6ca, 7:k_bitcast_cast_pointwise_18584b, 8:k_cast_linear_matmul_reduce_de91e0, 9:k_cast_linear_matmul_reduce_de91e0, 10:k_bitcast_cast_linear_matmul_reduce_2a71cc, 11:k_bitcast_cast_linear_matmul_reduce_239df9, 12:k_cast_linear_matmul_reduce_cd9413, 13:k_cast_linear_matmul_reduce_63aae0, 14:k_bitcast_cast_linear_matmul_reduce_0d0c87, 15:k_cast_linear_matmul_reduce_f9f434__partial, 16:k_cast_linear_matmul_reduce_f9f434]
(EngineCore pid=3419082) INFO 2026-08-09 23:10:13,679 emmy.compiler.backend.cuda.program: [cuda] buffer-reuse: scratch slab=0.10 GB (0.11 GB naive, 1.1x) over 16 scratch buf(s)
(EngineCore pid=3419082) INFO 2026-08-09 23:10:13,679 emmy.compiler.trace.torch: torch.export.export() starting...
(EngineCore pid=3419082) INFO 2026-08-09 23:10:13,706 emmy.compiler.trace.torch: torch.export.export() done in 0.0s (41 retained FX nodes, pruned 6 dead)
(EngineCore pid=3419082) INFO 2026-08-09 23:10:13,707 emmy.compiler.trace.torch: FX→Graph IR walk done in 0.0s (58 IR nodes)
(EngineCore pid=3419082) INFO 2026-08-09 23:10:14,493 emmy.compiler.loader.quant: spelled 3 coded weight constant(s) from /home/dikobraz/Models/Laguna-S-2.1-exl3-1.98bpw
(EngineCore pid=3419082) INFO 2026-08-09 23:10:20,002 emmy.compiler.pipeline: compile: total 5.49s (deterministic resolve)
(EngineCore pid=3419082) INFO 2026-08-09 23:10:20,839 emmy.compiler.backend.cuda.program: [cuda] CompiledProgram.build: 17 launch(es) compile+alloc=0.00s kernels=[0:k_mean_e36245, 1:k_cast_linear_matmul_reduce_de91e0__partial, 2:k_cast_linear_matmul_reduce_de91e0__partial, 3:k_cast_linear_matmul_reduce_de91e0__partial, 4:k_cast_linear_matmul_reduce_de91e0, 5:k_cast_linear_matmul_reduce_de91e0, 6:k_cast_linear_matmul_reduce_de91e0, 7:k_bitcast_cast_linear_matmul_reduce_a98486, 8:k_bitcast_cast_linear_matmul_reduce_18d77e, 9:k_bitcast_cast_linear_matmul_reduce_67fa5b, 10:k_cast_linear_matmul_reduce_cf207b__partial, 11:k_cast_linear_matmul_reduce_369764, 12:k_cast_linear_matmul_reduce_b5b17f__partial, 13:k_cast_linear_matmul_reduce_cf207b, 14:k_cast_linear_matmul_reduce_b5b17f, 15:k_mean_e22c85, 16:k_mean_c73f3f]
(EngineCore pid=3419082) INFO 2026-08-09 23:10:20,839 emmy.compiler.backend.cuda.program: [cuda] buffer-reuse: scratch slab=0.00 GB (0.00 GB naive, 1.6x) over 14 scratch buf(s)
(EngineCore pid=3419082) INFO 2026-08-09 23:10:20,840 emmy.compiler.trace.torch: torch.export.export() starting...
(EngineCore pid=3419082) INFO 2026-08-09 23:10:20,868 emmy.compiler.trace.torch: torch.export.export() done in 0.0s (42 retained FX nodes, pruned 6 dead)
(EngineCore pid=3419082) INFO 2026-08-09 23:10:20,869 emmy.compiler.trace.torch: FX→Graph IR walk done in 0.0s (55 IR nodes)
(EngineCore pid=3419082) INFO 2026-08-09 23:10:21,362 emmy.compiler.loader.quant: spelled 4 coded weight constant(s) from /home/dikobraz/Models/Laguna-S-2.1-exl3-1.98bpw
(EngineCore pid=3419082) INFO 2026-08-09 23:10:24,206 emmy.compiler.pipeline: compile: total 2.82s (deterministic resolve)
(EngineCore pid=3419082) INFO 2026-08-09 23:10:24,730 emmy.compiler.backend.cuda.program: [cuda] CompiledProgram.build: 26 launch(es) compile+alloc=0.00s kernels=[0:k_bitcast_cast_pointwise_531ded, 1:k_bitcast_cast_pointwise_b18f65, 2:k_bitcast_cast_pointwise_b18f65, 3:k_bitcast_cast_pointwise_b18f65, 4:k_bitcast_cast_pointwise_157d6a, 5:k_linear_mean_reduce_140e4d, 6:k_bitcast_cast_pointwise_2fe005, 7:k_bitcast_cast_pointwise_76b6ca, 8:k_bitcast_cast_pointwise_c08dac, 9:k_cast_linear_matmul_reduce_c7b234__partial, 10:k_cast_linear_matmul_reduce_c7b234, 11:k_cast_linear_matmul_bitcast_reduce_f7578b, 12:k_cast_linear_matmul_reduce_76ca05__partial, 13:k_cast_linear_matmul_reduce_76ca05, 14:k_mean_e36245, 15:k_cast_linear_matmul_reduce_de91e0__partial, 16:k_cast_linear_matmul_reduce_de91e0__partial, 17:k_cast_linear_matmul_reduce_de91e0, 18:k_cast_linear_matmul_reduce_de91e0, 19:k_bitcast_cast_linear_matmul_reduce_6cd202, 20:k_bitcast_cast_linear_matmul_reduce_6cd202, 21:k_cast_linear_matmul_reduce_cd9413, 22:k_cast_linear_matmul_reduce_63aae0, 23:k_bitcast_cast_linear_matmul_reduce_0d0c87, 24:k_cast_linear_matmul_reduce_76ca05__partial, 25:k_cast_linear_matmul_reduce_76ca05]
(EngineCore pid=3419082) INFO 2026-08-09 23:10:24,730 emmy.compiler.backend.cuda.program: [cuda] buffer-reuse: scratch slab=0.20 GB (0.23 GB naive, 1.1x) over 24 scratch buf(s)
(EngineCore pid=3419082) INFO 2026-08-09 23:10:24,732 emmy.serving.gen_runner: [gen_runner] compiling layer 3/48 (pre + post + decode)...
(EngineCore pid=3419082) INFO 2026-08-09 23:10:24,733 emmy.compiler.trace.torch: torch.export.export() starting...
(EngineCore pid=3419082) INFO 2026-08-09 23:10:24,756 emmy.compiler.trace.torch: torch.export.export() done in 0.0s (41 retained FX nodes, pruned 6 dead)
(EngineCore pid=3419082) INFO 2026-08-09 23:10:24,757 emmy.compiler.trace.torch: FX→Graph IR walk done in 0.0s (58 IR nodes)
(EngineCore pid=3419082) INFO 2026-08-09 23:10:25,232 emmy.compiler.loader.quant: spelled 3 coded weight constant(s) from /home/dikobraz/Models/Laguna-S-2.1-exl3-1.98bpw
(EngineCore pid=3419082) INFO 2026-08-09 23:10:25,758 emmy.compiler.backend.cuda.program: [cuda] CompiledProgram.build: 17 launch(es) compile+alloc=0.00s kernels=[0:k_mean_e36245, 1:k_cast_linear_matmul_reduce_de91e0__partial, 2:k_cast_linear_matmul_reduce_de91e0__partial, 3:k_cast_linear_matmul_reduce_de91e0__partial, 4:k_cast_linear_matmul_reduce_de91e0, 5:k_cast_linear_matmul_reduce_de91e0, 6:k_cast_linear_matmul_reduce_de91e0, 7:k_bitcast_cast_linear_matmul_reduce_a98486, 8:k_bitcast_cast_linear_matmul_reduce_18d77e, 9:k_bitcast_cast_linear_matmul_reduce_67fa5b, 10:k_cast_linear_matmul_reduce_cf207b__partial, 11:k_cast_linear_matmul_reduce_369764, 12:k_cast_linear_matmul_reduce_b5b17f__partial, 13:k_cast_linear_matmul_reduce_cf207b, 14:k_cast_linear_matmul_reduce_b5b17f, 15:k_mean_e22c85, 16:k_mean_c73f3f]
(EngineCore pid=3419082) INFO 2026-08-09 23:10:25,759 emmy.compiler.backend.cuda.program: [cuda] buffer-reuse: scratch slab=0.00 GB (0.00 GB naive, 1.6x) over 14 scratch buf(s)
(EngineCore pid=3419082) INFO 2026-08-09 23:10:25,759 emmy.compiler.trace.torch: torch.export.export() starting...
(EngineCore pid=3419082) INFO 2026-08-09 23:10:25,783 emmy.compiler.trace.torch: torch.export.export() done in 0.0s (42 retained FX nodes, pruned 6 dead)
(EngineCore pid=3419082) INFO 2026-08-09 23:10:25,785 emmy.compiler.trace.torch: FX→Graph IR walk done in 0.0s (55 IR nodes)
(EngineCore pid=3419082) INFO 2026-08-09 23:10:26,249 emmy.compiler.loader.quant: spelled 4 coded weight constant(s) from /home/dikobraz/Models/Laguna-S-2.1-exl3-1.98bpw
(EngineCore pid=3419082) INFO 2026-08-09 23:10:27,101 emmy.compiler.backend.cuda.program: [cuda] CompiledProgram.build: 26 launch(es) compile+alloc=0.00s kernels=[0:k_bitcast_cast_pointwise_531ded, 1:k_bitcast_cast_pointwise_b18f65, 2:k_bitcast_cast_pointwise_b18f65, 3:k_bitcast_cast_pointwise_b18f65, 4:k_bitcast_cast_pointwise_157d6a, 5:k_linear_mean_reduce_140e4d, 6:k_bitcast_cast_pointwise_2fe005, 7:k_bitcast_cast_pointwise_76b6ca, 8:k_bitcast_cast_pointwise_c08dac, 9:k_cast_linear_matmul_reduce_c7b234__partial, 10:k_cast_linear_matmul_reduce_c7b234, 11:k_cast_linear_matmul_bitcast_reduce_f7578b, 12:k_cast_linear_matmul_reduce_76ca05__partial, 13:k_cast_linear_matmul_reduce_76ca05, 14:k_mean_e36245, 15:k_cast_linear_matmul_reduce_de91e0__partial, 16:k_cast_linear_matmul_reduce_de91e0__partial, 17:k_cast_linear_matmul_reduce_de91e0, 18:k_cast_linear_matmul_reduce_de91e0, 19:k_bitcast_cast_linear_matmul_reduce_6cd202, 20:k_bitcast_cast_linear_matmul_reduce_6cd202, 21:k_cast_linear_matmul_reduce_cd9413, 22:k_cast_linear_matmul_reduce_63aae0, 23:k_bitcast_cast_linear_matmul_reduce_0d0c87, 24:k_cast_linear_matmul_reduce_76ca05__partial, 25:k_cast_linear_matmul_reduce_76ca05]
(EngineCore pid=3419082) INFO 2026-08-09 23:10:27,101 emmy.compiler.backend.cuda.program: [cuda] buffer-reuse: scratch slab=0.20 GB (0.23 GB naive, 1.1x) over 24 scratch buf(s)
(EngineCore pid=3419082) INFO 2026-08-09 23:10:27,102 emmy.serving.gen_runner: [gen_runner] compiling layer 4/48 (pre + post + decode)...
(EngineCore pid=3419082) INFO 2026-08-09 23:10:27,103 emmy.compiler.trace.torch: torch.export.export() starting...
(EngineCore pid=3419082) INFO 2026-08-09 23:10:27,126 emmy.compiler.trace.torch: torch.export.export() done in 0.0s (41 retained FX nodes, pruned 6 dead)
(EngineCore pid=3419082) INFO 2026-08-09 23:10:27,128 emmy.compiler.trace.torch: FX→Graph IR walk done in 0.0s (58 IR nodes)
(EngineCore pid=3419082) INFO 2026-08-09 23:10:27,629 emmy.compiler.loader.quant: spelled 3 coded weight constant(s) from /home/dikobraz/Models/Laguna-S-2.1-exl3-1.98bpw
(EngineCore pid=3419082) INFO 2026-08-09 23:10:28,184 emmy.compiler.backend.cuda.program: [cuda] CompiledProgram.build: 17 launch(es) compile+alloc=0.00s kernels=[0:k_mean_e36245, 1:k_cast_linear_matmul_reduce_de91e0__partial, 2:k_cast_linear_matmul_reduce_de91e0__partial, 3:k_cast_linear_matmul_reduce_de91e0__partial, 4:k_cast_linear_matmul_reduce_de91e0, 5:k_cast_linear_matmul_reduce_de91e0, 6:k_cast_linear_matmul_reduce_de91e0, 7:k_bitcast_cast_linear_matmul_reduce_a98486, 8:k_bitcast_cast_linear_matmul_reduce_18d77e, 9:k_bitcast_cast_linear_matmul_reduce_67fa5b, 10:k_cast_linear_matmul_reduce_cf207b__partial, 11:k_cast_linear_matmul_reduce_369764, 12:k_cast_linear_matmul_reduce_b5b17f__partial, 13:k_cast_linear_matmul_reduce_cf207b, 14:k_cast_linear_matmul_reduce_b5b17f, 15:k_mean_e22c85, 16:k_mean_c73f3f]
(EngineCore pid=3419082) INFO 2026-08-09 23:10:28,184 emmy.compiler.backend.cuda.program: [cuda] buffer-reuse: scratch slab=0.00 GB (0.00 GB naive, 1.6x) over 14 scratch buf(s)
(EngineCore pid=3419082) INFO 2026-08-09 23:10:28,185 emmy.compiler.trace.torch: torch.export.export() starting...
(EngineCore pid=3419082) INFO 2026-08-09 23:10:28,209 emmy.compiler.trace.torch: torch.export.export() done in 0.0s (42 retained FX nodes, pruned 6 dead)
(EngineCore pid=3419082) INFO 2026-08-09 23:10:28,210 emmy.compiler.trace.torch: FX→Graph IR walk done in 0.0s (55 IR nodes)
(EngineCore pid=3419082) INFO 2026-08-09 23:10:28,711 emmy.compiler.loader.quant: spelled 4 coded weight constant(s) from /home/dikobraz/Models/Laguna-S-2.1-exl3-1.98bpw
(EngineCore pid=3419082) INFO 2026-08-09 23:10:28,926 emmy.compiler.backend.cuda.program: [cuda] CompiledProgram.build: 26 launch(es) compile+alloc=0.00s kernels=[0:k_bitcast_cast_pointwise_531ded, 1:k_bitcast_cast_pointwise_b18f65, 2:k_bitcast_cast_pointwise_b18f65, 3:k_bitcast_cast_pointwise_b18f65, 4:k_bitcast_cast_pointwise_157d6a, 5:k_linear_mean_reduce_140e4d, 6:k_bitcast_cast_pointwise_2fe005, 7:k_bitcast_cast_pointwise_76b6ca, 8:k_bitcast_cast_pointwise_c08dac, 9:k_cast_linear_matmul_reduce_c7b234__partial, 10:k_cast_linear_matmul_reduce_c7b234, 11:k_cast_linear_matmul_bitcast_reduce_f7578b, 12:k_cast_linear_matmul_reduce_76ca05__partial, 13:k_cast_linear_matmul_reduce_76ca05, 14:k_mean_e36245, 15:k_cast_linear_matmul_reduce_de91e0__partial, 16:k_cast_linear_matmul_reduce_de91e0__partial, 17:k_cast_linear_matmul_reduce_de91e0, 18:k_cast_linear_matmul_reduce_de91e0, 19:k_bitcast_cast_linear_matmul_reduce_6cd202, 20:k_bitcast_cast_linear_matmul_reduce_6cd202, 21:k_cast_linear_matmul_reduce_cd9413, 22:k_cast_linear_matmul_reduce_63aae0, 23:k_bitcast_cast_linear_matmul_reduce_0d0c87, 24:k_cast_linear_matmul_reduce_76ca05__partial, 25:k_cast_linear_matmul_reduce_76ca05]
(EngineCore pid=3419082) INFO 2026-08-09 23:10:28,926 emmy.compiler.backend.cuda.program: [cuda] buffer-reuse: scratch slab=0.20 GB (0.23 GB naive, 1.1x) over 24 scratch buf(s)
(EngineCore pid=3419082) INFO 2026-08-09 23:10:28,927 emmy.serving.gen_runner: [gen_runner] compiling layer 5/48 (pre + post + decode)...
(EngineCore pid=3419082) INFO 2026-08-09 23:10:28,928 emmy.compiler.trace.torch: torch.export.export() starting...
(EngineCore pid=3419082) INFO 2026-08-09 23:10:28,951 emmy.compiler.trace.torch: torch.export.export() done in 0.0s (41 retained FX nodes, pruned 6 dead)
(EngineCore pid=3419082) INFO 2026-08-09 23:10:28,952 emmy.compiler.trace.torch: FX→Graph IR walk done in 0.0s (58 IR nodes)
(EngineCore pid=3419082) INFO 2026-08-09 23:10:29,752 emmy.compiler.loader.quant: spelled 3 coded weight constant(s) from /home/dikobraz/Models/Laguna-S-2.1-exl3-1.98bpw
(EngineCore pid=3419082) INFO 2026-08-09 23:10:35,643 emmy.compiler.pipeline: compile: total 5.87s (deterministic resolve)
(EngineCore pid=3419082) INFO 2026-08-09 23:10:36,194 emmy.compiler.backend.cuda.program: [cuda] CompiledProgram.build: 17 launch(es) compile+alloc=0.00s kernels=[0:k_mean_e36245, 1:k_cast_linear_matmul_reduce_de91e0__partial, 2:k_cast_linear_matmul_reduce_de91e0__partial, 3:k_cast_linear_matmul_reduce_de91e0__partial, 4:k_cast_linear_matmul_reduce_de91e0, 5:k_cast_linear_matmul_reduce_de91e0, 6:k_cast_linear_matmul_reduce_de91e0, 7:k_bitcast_cast_linear_matmul_reduce_a98486, 8:k_bitcast_cast_linear_matmul_reduce_18d77e, 9:k_bitcast_cast_linear_matmul_reduce_5b63ae, 10:k_cast_linear_matmul_reduce_cf207b__partial, 11:k_cast_linear_matmul_reduce_369764, 12:k_cast_linear_matmul_reduce_d73f75__partial, 13:k_cast_linear_matmul_reduce_cf207b, 14:k_cast_linear_matmul_reduce_d73f75, 15:k_mean_e22c85, 16:k_mean_fb3667]
(EngineCore pid=3419082) INFO 2026-08-09 23:10:36,194 emmy.compiler.backend.cuda.program: [cuda] buffer-reuse: scratch slab=0.00 GB (0.00 GB naive, 1.8x) over 14 scratch buf(s)
(EngineCore pid=3419082) INFO 2026-08-09 23:10:36,196 emmy.compiler.trace.torch: torch.export.export() starting...
(EngineCore pid=3419082) INFO 2026-08-09 23:10:36,220 emmy.compiler.trace.torch: torch.export.export() done in 0.0s (42 retained FX nodes, pruned 6 dead)
(EngineCore pid=3419082) INFO 2026-08-09 23:10:36,221 emmy.compiler.trace.torch: FX→Graph IR walk done in 0.0s (55 IR nodes)
(EngineCore pid=3419082) INFO 2026-08-09 23:10:36,723 emmy.compiler.loader.quant: spelled 4 coded weight constant(s) from /home/dikobraz/Models/Laguna-S-2.1-exl3-1.98bpw
(EngineCore pid=3419082) INFO 2026-08-09 23:10:39,543 emmy.compiler.pipeline: compile: total 2.80s (deterministic resolve)
(EngineCore pid=3419082) INFO 2026-08-09 23:10:40,071 emmy.compiler.backend.cuda.program: [cuda] CompiledProgram.build: 26 launch(es) compile+alloc=0.00s kernels=[0:k_bitcast_cast_pointwise_bd0953, 1:k_bitcast_cast_pointwise_b18f65, 2:k_bitcast_cast_pointwise_b18f65, 3:k_bitcast_cast_pointwise_b18f65, 4:k_bitcast_cast_pointwise_157d6a, 5:k_linear_mean_reduce_5e93f3, 6:k_bitcast_cast_pointwise_8967e6, 7:k_bitcast_cast_pointwise_76b6ca, 8:k_bitcast_cast_pointwise_c08dac, 9:k_cast_linear_matmul_reduce_a825dd__partial, 10:k_cast_linear_matmul_reduce_a825dd, 11:k_cast_linear_matmul_bitcast_reduce_a91b88, 12:k_cast_linear_matmul_reduce_76ca05__partial, 13:k_cast_linear_matmul_reduce_76ca05, 14:k_mean_e36245, 15:k_cast_linear_matmul_reduce_de91e0__partial, 16:k_cast_linear_matmul_reduce_de91e0__partial, 17:k_cast_linear_matmul_reduce_de91e0, 18:k_cast_linear_matmul_reduce_de91e0, 19:k_bitcast_cast_linear_matmul_reduce_6cd202, 20:k_bitcast_cast_linear_matmul_reduce_6cd202, 21:k_cast_linear_matmul_reduce_cd9413, 22:k_cast_linear_matmul_reduce_63aae0, 23:k_bitcast_cast_linear_matmul_reduce_0d0c87, 24:k_cast_linear_matmul_reduce_76ca05__partial, 25:k_cast_linear_matmul_reduce_76ca05]
(EngineCore pid=3419082) INFO 2026-08-09 23:10:40,071 emmy.compiler.backend.cuda.program: [cuda] buffer-reuse: scratch slab=0.16 GB (0.19 GB naive, 1.2x) over 24 scratch buf(s)
(EngineCore pid=3419082) INFO 2026-08-09 23:10:40,073 emmy.serving.gen_runner: [gen_runner] compiling layer 6/48 (pre + post + decode)...
(EngineCore pid=3419082) INFO 2026-08-09 23:10:40,074 emmy.compiler.trace.torch: torch.export.export() starting...
(EngineCore pid=3419082) INFO 2026-08-09 23:10:40,097 emmy.compiler.trace.torch: torch.export.export() done in 0.0s (41 retained FX nodes, pruned 6 dead)
(EngineCore pid=3419082) INFO 2026-08-09 23:10:40,098 emmy.compiler.trace.torch: FX→Graph IR walk done in 0.0s (58 IR nodes)
(EngineCore pid=3419082) INFO 2026-08-09 23:10:40,576 emmy.compiler.loader.quant: spelled 3 coded weight constant(s) from /home/dikobraz/Models/Laguna-S-2.1-exl3-1.98bpw
(EngineCore pid=3419082) INFO 2026-08-09 23:10:41,109 emmy.compiler.backend.cuda.program: [cuda] CompiledProgram.build: 17 launch(es) compile+alloc=0.00s kernels=[0:k_mean_e36245, 1:k_cast_linear_matmul_reduce_de91e0__partial, 2:k_cast_linear_matmul_reduce_de91e0__partial, 3:k_cast_linear_matmul_reduce_de91e0__partial, 4:k_cast_linear_matmul_reduce_de91e0, 5:k_cast_linear_matmul_reduce_de91e0, 6:k_cast_linear_matmul_reduce_de91e0, 7:k_bitcast_cast_linear_matmul_reduce_a98486, 8:k_bitcast_cast_linear_matmul_reduce_18d77e, 9:k_bitcast_cast_linear_matmul_reduce_67fa5b, 10:k_cast_linear_matmul_reduce_cf207b__partial, 11:k_cast_linear_matmul_reduce_369764, 12:k_cast_linear_matmul_reduce_b5b17f__partial, 13:k_cast_linear_matmul_reduce_cf207b, 14:k_cast_linear_matmul_reduce_b5b17f, 15:k_mean_e22c85, 16:k_mean_c73f3f]
(EngineCore pid=3419082) INFO 2026-08-09 23:10:41,109 emmy.compiler.backend.cuda.program: [cuda] buffer-reuse: scratch slab=0.00 GB (0.00 GB naive, 1.6x) over 14 scratch buf(s)
(EngineCore pid=3419082) INFO 2026-08-09 23:10:41,110 emmy.compiler.trace.torch: torch.export.export() starting...
(EngineCore pid=3419082) INFO 2026-08-09 23:10:41,134 emmy.compiler.trace.torch: torch.export.export() done in 0.0s (42 retained FX nodes, pruned 6 dead)
(EngineCore pid=3419082) INFO 2026-08-09 23:10:41,135 emmy.compiler.trace.torch: FX→Graph IR walk done in 0.0s (55 IR nodes)
(EngineCore pid=3419082) INFO 2026-08-09 23:10:41,603 emmy.compiler.loader.quant: spelled 4 coded weight constant(s) from /home/dikobraz/Models/Laguna-S-2.1-exl3-1.98bpw
(EngineCore pid=3419082) INFO 2026-08-09 23:10:42,463 emmy.compiler.backend.cuda.program: [cuda] CompiledProgram.build: 26 launch(es) compile+alloc=0.00s kernels=[0:k_bitcast_cast_pointwise_531ded, 1:k_bitcast_cast_pointwise_b18f65, 2:k_bitcast_cast_pointwise_b18f65, 3:k_bitcast_cast_pointwise_b18f65, 4:k_bitcast_cast_pointwise_157d6a, 5:k_linear_mean_reduce_140e4d, 6:k_bitcast_cast_pointwise_2fe005, 7:k_bitcast_cast_pointwise_76b6ca, 8:k_bitcast_cast_pointwise_c08dac, 9:k_cast_linear_matmul_reduce_c7b234__partial, 10:k_cast_linear_matmul_reduce_c7b234, 11:k_cast_linear_matmul_bitcast_reduce_f7578b, 12:k_cast_linear_matmul_reduce_76ca05__partial, 13:k_cast_linear_matmul_reduce_76ca05, 14:k_mean_e36245, 15:k_cast_linear_matmul_reduce_de91e0__partial, 16:k_cast_linear_matmul_reduce_de91e0__partial, 17:k_cast_linear_matmul_reduce_de91e0, 18:k_cast_linear_matmul_reduce_de91e0, 19:k_bitcast_cast_linear_matmul_reduce_6cd202, 20:k_bitcast_cast_linear_matmul_reduce_6cd202, 21:k_cast_linear_matmul_reduce_cd9413, 22:k_cast_linear_matmul_reduce_63aae0, 23:k_bitcast_cast_linear_matmul_reduce_0d0c87, 24:k_cast_linear_matmul_reduce_76ca05__partial, 25:k_cast_linear_matmul_reduce_76ca05]
(EngineCore pid=3419082) INFO 2026-08-09 23:10:42,463 emmy.compiler.backend.cuda.program: [cuda] buffer-reuse: scratch slab=0.20 GB (0.23 GB naive, 1.1x) over 24 scratch buf(s)
(EngineCore pid=3419082) INFO 2026-08-09 23:10:42,465 emmy.serving.gen_runner: [gen_runner] compiling layer 7/48 (pre + post + decode)...
(EngineCore pid=3419082) INFO 2026-08-09 23:10:42,465 emmy.compiler.trace.torch: torch.export.export() starting...
(EngineCore pid=3419082) INFO 2026-08-09 23:10:42,489 emmy.compiler.trace.torch: torch.export.export() done in 0.0s (41 retained FX nodes, pruned 6 dead)
(EngineCore pid=3419082) INFO 2026-08-09 23:10:42,490 emmy.compiler.trace.torch: FX→Graph IR walk done in 0.0s (58 IR nodes)
(EngineCore pid=3419082) INFO 2026-08-09 23:10:42,991 emmy.compiler.loader.quant: spelled 3 coded weight constant(s) from /home/dikobraz/Models/Laguna-S-2.1-exl3-1.98bpw
(EngineCore pid=3419082) INFO 2026-08-09 23:10:43,206 emmy.compiler.backend.cuda.program: [cuda] CompiledProgram.build: 17 launch(es) compile+alloc=0.00s kernels=[0:k_mean_e36245, 1:k_cast_linear_matmul_reduce_de91e0__partial, 2:k_cast_linear_matmul_reduce_de91e0__partial, 3:k_cast_linear_matmul_reduce_de91e0__partial, 4:k_cast_linear_matmul_reduce_de91e0, 5:k_cast_linear_matmul_reduce_de91e0, 6:k_cast_linear_matmul_reduce_de91e0, 7:k_bitcast_cast_linear_matmul_reduce_a98486, 8:k_bitcast_cast_linear_matmul_reduce_18d77e, 9:k_bitcast_cast_linear_matmul_reduce_67fa5b, 10:k_cast_linear_matmul_reduce_cf207b__partial, 11:k_cast_linear_matmul_reduce_369764, 12:k_cast_linear_matmul_reduce_b5b17f__partial, 13:k_cast_linear_matmul_reduce_cf207b, 14:k_cast_linear_matmul_reduce_b5b17f, 15:k_mean_e22c85, 16:k_mean_c73f3f]
(EngineCore pid=3419082) INFO 2026-08-09 23:10:43,206 emmy.compiler.backend.cuda.program: [cuda] buffer-reuse: scratch slab=0.00 GB (0.00 GB naive, 1.6x) over 14 scratch buf(s)
(EngineCore pid=3419082) INFO 2026-08-09 23:10:43,207 emmy.compiler.trace.torch: torch.export.export() starting...
(EngineCore pid=3419082) INFO 2026-08-09 23:10:43,230 emmy.compiler.trace.torch: torch.export.export() done in 0.0s (42 retained FX nodes, pruned 6 dead)
(EngineCore pid=3419082) INFO 2026-08-09 23:10:43,232 emmy.compiler.trace.torch: FX→Graph IR walk done in 0.0s (55 IR nodes)
(EngineCore pid=3419082) INFO 2026-08-09 23:10:44,027 emmy.compiler.loader.quant: spelled 4 coded weight constant(s) from /home/dikobraz/Models/Laguna-S-2.1-exl3-1.98bpw
(EngineCore pid=3419082) INFO 2026-08-09 23:10:44,585 emmy.compiler.backend.cuda.program: [cuda] CompiledProgram.build: 26 launch(es) compile+alloc=0.00s kernels=[0:k_bitcast_cast_pointwise_531ded, 1:k_bitcast_cast_pointwise_b18f65, 2:k_bitcast_cast_pointwise_b18f65, 3:k_bitcast_cast_pointwise_b18f65, 4:k_bitcast_cast_pointwise_157d6a, 5:k_linear_mean_reduce_140e4d, 6:k_bitcast_cast_pointwise_2fe005, 7:k_bitcast_cast_pointwise_76b6ca, 8:k_bitcast_cast_pointwise_c08dac, 9:k_cast_linear_matmul_reduce_c7b234__partial, 10:k_cast_linear_matmul_reduce_c7b234, 11:k_cast_linear_matmul_bitcast_reduce_f7578b, 12:k_cast_linear_matmul_reduce_76ca05__partial, 13:k_cast_linear_matmul_reduce_76ca05, 14:k_mean_e36245, 15:k_cast_linear_matmul_reduce_de91e0__partial, 16:k_cast_linear_matmul_reduce_de91e0__partial, 17:k_cast_linear_matmul_reduce_de91e0, 18:k_cast_linear_matmul_reduce_de91e0, 19:k_bitcast_cast_linear_matmul_reduce_6cd202, 20:k_bitcast_cast_linear_matmul_reduce_6cd202, 21:k_cast_linear_matmul_reduce_cd9413, 22:k_cast_linear_matmul_reduce_63aae0, 23:k_bitcast_cast_linear_matmul_reduce_0d0c87, 24:k_cast_linear_matmul_reduce_76ca05__partial, 25:k_cast_linear_matmul_reduce_76ca05]
(EngineCore pid=3419082) INFO 2026-08-09 23:10:44,585 emmy.compiler.backend.cuda.program: [cuda] buffer-reuse: scratch slab=0.20 GB (0.23 GB naive, 1.1x) over 24 scratch buf(s)
(EngineCore pid=3419082) INFO 2026-08-09 23:10:44,586 emmy.serving.gen_runner: [gen_runner] compiling layer 8/48 (pre + post + decode)...
(EngineCore pid=3419082) INFO 2026-08-09 23:10:44,587 emmy.compiler.trace.torch: torch.export.export() starting...
(EngineCore pid=3419082) INFO 2026-08-09 23:10:44,611 emmy.compiler.trace.torch: torch.export.export() done in 0.0s (41 retained FX nodes, pruned 6 dead)
(EngineCore pid=3419082) INFO 2026-08-09 23:10:44,612 emmy.compiler.trace.torch: FX→Graph IR walk done in 0.0s (58 IR nodes)
(EngineCore pid=3419082) INFO 2026-08-09 23:10:45,113 emmy.compiler.loader.quant: spelled 3 coded weight constant(s) from /home/dikobraz/Models/Laguna-S-2.1-exl3-1.98bpw
(EngineCore pid=3419082) INFO 2026-08-09 23:10:45,673 emmy.compiler.backend.cuda.program: [cuda] CompiledProgram.build: 17 launch(es) compile+alloc=0.00s kernels=[0:k_mean_e36245, 1:k_cast_linear_matmul_reduce_de91e0__partial, 2:k_cast_linear_matmul_reduce_de91e0__partial, 3:k_cast_linear_matmul_reduce_de91e0__partial, 4:k_cast_linear_matmul_reduce_de91e0, 5:k_cast_linear_matmul_reduce_de91e0, 6:k_cast_linear_matmul_reduce_de91e0, 7:k_bitcast_cast_linear_matmul_reduce_a98486, 8:k_bitcast_cast_linear_matmul_reduce_18d77e, 9:k_bitcast_cast_linear_matmul_reduce_67fa5b, 10:k_cast_linear_matmul_reduce_cf207b__partial, 11:k_cast_linear_matmul_reduce_369764, 12:k_cast_linear_matmul_reduce_b5b17f__partial, 13:k_cast_linear_matmul_reduce_cf207b, 14:k_cast_linear_matmul_reduce_b5b17f, 15:k_mean_e22c85, 16:k_mean_c73f3f]
(EngineCore pid=3419082) INFO 2026-08-09 23:10:45,673 emmy.compiler.backend.cuda.program: [cuda] buffer-reuse: scratch slab=0.00 GB (0.00 GB naive, 1.6x) over 14 scratch buf(s)
(EngineCore pid=3419082) INFO 2026-08-09 23:10:45,674 emmy.compiler.trace.torch: torch.export.export() starting...
(EngineCore pid=3419082) INFO 2026-08-09 23:10:45,698 emmy.compiler.trace.torch: torch.export.export() done in 0.0s (42 retained FX nodes, pruned 6 dead)
(EngineCore pid=3419082) INFO 2026-08-09 23:10:45,699 emmy.compiler.trace.torch: FX→Graph IR walk done in 0.0s (55 IR nodes)
(EngineCore pid=3419082) INFO 2026-08-09 23:10:46,205 emmy.compiler.loader.quant: spelled 4 coded weight constant(s) from /home/dikobraz/Models/Laguna-S-2.1-exl3-1.98bpw
(EngineCore pid=3419082) INFO 2026-08-09 23:10:46,421 emmy.compiler.backend.cuda.program: [cuda] CompiledProgram.build: 26 launch(es) compile+alloc=0.00s kernels=[0:k_bitcast_cast_pointwise_531ded, 1:k_bitcast_cast_pointwise_b18f65, 2:k_bitcast_cast_pointwise_b18f65, 3:k_bitcast_cast_pointwise_b18f65, 4:k_bitcast_cast_pointwise_157d6a, 5:k_linear_mean_reduce_140e4d, 6:k_bitcast_cast_pointwise_2fe005, 7:k_bitcast_cast_pointwise_76b6ca, 8:k_bitcast_cast_pointwise_c08dac, 9:k_cast_linear_matmul_reduce_c7b234__partial, 10:k_cast_linear_matmul_reduce_c7b234, 11:k_cast_linear_matmul_bitcast_reduce_f7578b, 12:k_cast_linear_matmul_reduce_76ca05__partial, 13:k_cast_linear_matmul_reduce_76ca05, 14:k_mean_e36245, 15:k_cast_linear_matmul_reduce_de91e0__partial, 16:k_cast_linear_matmul_reduce_de91e0__partial, 17:k_cast_linear_matmul_reduce_de91e0, 18:k_cast_linear_matmul_reduce_de91e0, 19:k_bitcast_cast_linear_matmul_reduce_6cd202, 20:k_bitcast_cast_linear_matmul_reduce_6cd202, 21:k_cast_linear_matmul_reduce_cd9413, 22:k_cast_linear_matmul_reduce_63aae0, 23:k_bitcast_cast_linear_matmul_reduce_0d0c87, 24:k_cast_linear_matmul_reduce_76ca05__partial, 25:k_cast_linear_matmul_reduce_76ca05]
(EngineCore pid=3419082) INFO 2026-08-09 23:10:46,421 emmy.compiler.backend.cuda.program: [cuda] buffer-reuse: scratch slab=0.20 GB (0.23 GB naive, 1.1x) over 24 scratch buf(s)
(EngineCore pid=3419082) INFO 2026-08-09 23:10:46,422 emmy.serving.gen_runner: [gen_runner] compiling layer 9/48 (pre + post + decode)...
(EngineCore pid=3419082) INFO 2026-08-09 23:10:46,423 emmy.compiler.trace.torch: torch.export.export() starting...
(EngineCore pid=3419082) INFO 2026-08-09 23:10:46,449 emmy.compiler.trace.torch: torch.export.export() done in 0.0s (41 retained FX nodes, pruned 6 dead)
(EngineCore pid=3419082) INFO 2026-08-09 23:10:46,450 emmy.compiler.trace.torch: FX→Graph IR walk done in 0.0s (58 IR nodes)
(EngineCore pid=3419082) INFO 2026-08-09 23:10:47,264 emmy.compiler.loader.quant: spelled 3 coded weight constant(s) from /home/dikobraz/Models/Laguna-S-2.1-exl3-1.98bpw
(EngineCore pid=3419082) INFO 2026-08-09 23:10:47,826 emmy.compiler.backend.cuda.program: [cuda] CompiledProgram.build: 17 launch(es) compile+alloc=0.00s kernels=[0:k_mean_e36245, 1:k_cast_linear_matmul_reduce_de91e0__partial, 2:k_cast_linear_matmul_reduce_de91e0__partial, 3:k_cast_linear_matmul_reduce_de91e0__partial, 4:k_cast_linear_matmul_reduce_de91e0, 5:k_cast_linear_matmul_reduce_de91e0, 6:k_cast_linear_matmul_reduce_de91e0, 7:k_bitcast_cast_linear_matmul_reduce_a98486, 8:k_bitcast_cast_linear_matmul_reduce_18d77e, 9:k_bitcast_cast_linear_matmul_reduce_5b63ae, 10:k_cast_linear_matmul_reduce_cf207b__partial, 11:k_cast_linear_matmul_reduce_369764, 12:k_cast_linear_matmul_reduce_d73f75__partial, 13:k_cast_linear_matmul_reduce_cf207b, 14:k_cast_linear_matmul_reduce_d73f75, 15:k_mean_e22c85, 16:k_mean_fb3667]
(EngineCore pid=3419082) INFO 2026-08-09 23:10:47,826 emmy.compiler.backend.cuda.program: [cuda] buffer-reuse: scratch slab=0.00 GB (0.00 GB naive, 1.8x) over 14 scratch buf(s)
(EngineCore pid=3419082) INFO 2026-08-09 23:10:47,827 emmy.compiler.trace.torch: torch.export.export() starting...
(EngineCore pid=3419082) INFO 2026-08-09 23:10:47,851 emmy.compiler.trace.torch: torch.export.export() done in 0.0s (42 retained FX nodes, pruned 6 dead)
(EngineCore pid=3419082) INFO 2026-08-09 23:10:47,852 emmy.compiler.trace.torch: FX→Graph IR walk done in 0.0s (55 IR nodes)
(EngineCore pid=3419082) INFO 2026-08-09 23:10:48,014 emmy.compiler.loader.quant: spelled 4 coded weight constant(s) from /home/dikobraz/Models/Laguna-S-2.1-exl3-1.98bpw
(EngineCore pid=3419082) INFO 2026-08-09 23:10:48,881 emmy.compiler.backend.cuda.program: [cuda] CompiledProgram.build: 26 launch(es) compile+alloc=0.00s kernels=[0:k_bitcast_cast_pointwise_bd0953, 1:k_bitcast_cast_pointwise_b18f65, 2:k_bitcast_cast_pointwise_b18f65, 3:k_bitcast_cast_pointwise_b18f65, 4:k_bitcast_cast_pointwise_157d6a, 5:k_linear_mean_reduce_5e93f3, 6:k_bitcast_cast_pointwise_8967e6, 7:k_bitcast_cast_pointwise_76b6ca, 8:k_bitcast_cast_pointwise_c08dac, 9:k_cast_linear_matmul_reduce_a825dd__partial, 10:k_cast_linear_matmul_reduce_a825dd, 11:k_cast_linear_matmul_bitcast_reduce_a91b88, 12:k_cast_linear_matmul_reduce_76ca05__partial, 13:k_cast_linear_matmul_reduce_76ca05, 14:k_mean_e36245, 15:k_cast_linear_matmul_reduce_de91e0__partial, 16:k_cast_linear_matmul_reduce_de91e0__partial, 17:k_cast_linear_matmul_reduce_de91e0, 18:k_cast_linear_matmul_reduce_de91e0, 19:k_bitcast_cast_linear_matmul_reduce_6cd202, 20:k_bitcast_cast_linear_matmul_reduce_6cd202, 21:k_cast_linear_matmul_reduce_cd9413, 22:k_cast_linear_matmul_reduce_63aae0, 23:k_bitcast_cast_linear_matmul_reduce_0d0c87, 24:k_cast_linear_matmul_reduce_76ca05__partial, 25:k_cast_linear_matmul_reduce_76ca05]
(EngineCore pid=3419082) INFO 2026-08-09 23:10:48,881 emmy.compiler.backend.cuda.program: [cuda] buffer-reuse: scratch slab=0.16 GB (0.19 GB naive, 1.2x) over 24 scratch buf(s)
(EngineCore pid=3419082) INFO 2026-08-09 23:10:48,882 emmy.serving.gen_runner: [gen_runner] compiling layer 10/48 (pre + post + decode)...
(EngineCore pid=3419082) INFO 2026-08-09 23:10:48,883 emmy.compiler.trace.torch: torch.export.export() starting...
(EngineCore pid=3419082) INFO 2026-08-09 23:10:48,907 emmy.compiler.trace.torch: torch.export.export() done in 0.0s (41 retained FX nodes, pruned 6 dead)
(EngineCore pid=3419082) INFO 2026-08-09 23:10:48,908 emmy.compiler.trace.torch: FX→Graph IR walk done in 0.0s (58 IR nodes)
(EngineCore pid=3419082) INFO 2026-08-09 23:10:49,413 emmy.compiler.loader.quant: spelled 3 coded weight constant(s) from /home/dikobraz/Models/Laguna-S-2.1-exl3-1.98bpw
(EngineCore pid=3419082) INFO 2026-08-09 23:10:49,627 emmy.compiler.backend.cuda.program: [cuda] CompiledProgram.build: 17 launch(es) compile+alloc=0.00s kernels=[0:k_mean_e36245, 1:k_cast_linear_matmul_reduce_de91e0__partial, 2:k_cast_linear_matmul_reduce_de91e0__partial, 3:k_cast_linear_matmul_reduce_de91e0__partial, 4:k_cast_linear_matmul_reduce_de91e0, 5:k_cast_linear_matmul_reduce_de91e0, 6:k_cast_linear_matmul_reduce_de91e0, 7:k_bitcast_cast_linear_matmul_reduce_a98486, 8:k_bitcast_cast_linear_matmul_reduce_18d77e, 9:k_bitcast_cast_linear_matmul_reduce_67fa5b, 10:k_cast_linear_matmul_reduce_cf207b__partial, 11:k_cast_linear_matmul_reduce_369764, 12:k_cast_linear_matmul_reduce_b5b17f__partial, 13:k_cast_linear_matmul_reduce_cf207b, 14:k_cast_linear_matmul_reduce_b5b17f, 15:k_mean_e22c85, 16:k_mean_c73f3f]
(EngineCore pid=3419082) INFO 2026-08-09 23:10:49,627 emmy.compiler.backend.cuda.program: [cuda] buffer-reuse: scratch slab=0.00 GB (0.00 GB naive, 1.6x) over 14 scratch buf(s)
(EngineCore pid=3419082) INFO 2026-08-09 23:10:49,628 emmy.compiler.trace.torch: torch.export.export() starting...
(EngineCore pid=3419082) INFO 2026-08-09 23:10:49,652 emmy.compiler.trace.torch: torch.export.export() done in 0.0s (42 retained FX nodes, pruned 6 dead)
(EngineCore pid=3419082) INFO 2026-08-09 23:10:49,654 emmy.compiler.trace.torch: FX→Graph IR walk done in 0.0s (55 IR nodes)
(EngineCore pid=3419082) INFO 2026-08-09 23:10:50,463 emmy.compiler.loader.quant: spelled 4 coded weight constant(s) from /home/dikobraz/Models/Laguna-S-2.1-exl3-1.98bpw
(EngineCore pid=3419082) INFO 2026-08-09 23:10:51,030 emmy.compiler.backend.cuda.program: [cuda] CompiledProgram.build: 26 launch(es) compile+alloc=0.00s kernels=[0:k_bitcast_cast_pointwise_531ded, 1:k_bitcast_cast_pointwise_b18f65, 2:k_bitcast_cast_pointwise_b18f65, 3:k_bitcast_cast_pointwise_b18f65, 4:k_bitcast_cast_pointwise_157d6a, 5:k_linear_mean_reduce_140e4d, 6:k_bitcast_cast_pointwise_2fe005, 7:k_bitcast_cast_pointwise_76b6ca, 8:k_bitcast_cast_pointwise_c08dac, 9:k_cast_linear_matmul_reduce_c7b234__partial, 10:k_cast_linear_matmul_reduce_c7b234, 11:k_cast_linear_matmul_bitcast_reduce_f7578b, 12:k_cast_linear_matmul_reduce_76ca05__partial, 13:k_cast_linear_matmul_reduce_76ca05, 14:k_mean_e36245, 15:k_cast_linear_matmul_reduce_de91e0__partial, 16:k_cast_linear_matmul_reduce_de91e0__partial, 17:k_cast_linear_matmul_reduce_de91e0, 18:k_cast_linear_matmul_reduce_de91e0, 19:k_bitcast_cast_linear_matmul_reduce_6cd202, 20:k_bitcast_cast_linear_matmul_reduce_6cd202, 21:k_cast_linear_matmul_reduce_cd9413, 22:k_cast_linear_matmul_reduce_63aae0, 23:k_bitcast_cast_linear_matmul_reduce_0d0c87, 24:k_cast_linear_matmul_reduce_76ca05__partial, 25:k_cast_linear_matmul_reduce_76ca05]
(EngineCore pid=3419082) INFO 2026-08-09 23:10:51,030 emmy.compiler.backend.cuda.program: [cuda] buffer-reuse: scratch slab=0.20 GB (0.23 GB naive, 1.1x) over 24 scratch buf(s)
(EngineCore pid=3419082) INFO 2026-08-09 23:10:51,031 emmy.serving.gen_runner: [gen_runner] compiling layer 11/48 (pre + post + decode)...
(EngineCore pid=3419082) INFO 2026-08-09 23:10:51,032 emmy.compiler.trace.torch: torch.export.export() starting...
(EngineCore pid=3419082) INFO 2026-08-09 23:10:51,056 emmy.compiler.trace.torch: torch.export.export() done in 0.0s (41 retained FX nodes, pruned 6 dead)
(EngineCore pid=3419082) INFO 2026-08-09 23:10:51,057 emmy.compiler.trace.torch: FX→Graph IR walk done in 0.0s (58 IR nodes)
(EngineCore pid=3419082) INFO 2026-08-09 23:10:51,219 emmy.compiler.loader.quant: spelled 3 coded weight constant(s) from /home/dikobraz/Models/Laguna-S-2.1-exl3-1.98bpw
(EngineCore pid=3419082) INFO 2026-08-09 23:10:52,085 emmy.compiler.backend.cuda.program: [cuda] CompiledProgram.build: 17 launch(es) compile+alloc=0.00s kernels=[0:k_mean_e36245, 1:k_cast_linear_matmul_reduce_de91e0__partial, 2:k_cast_linear_matmul_reduce_de91e0__partial, 3:k_cast_linear_matmul_reduce_de91e0__partial, 4:k_cast_linear_matmul_reduce_de91e0, 5:k_cast_linear_matmul_reduce_de91e0, 6:k_cast_linear_matmul_reduce_de91e0, 7:k_bitcast_cast_linear_matmul_reduce_a98486, 8:k_bitcast_cast_linear_matmul_reduce_18d77e, 9:k_bitcast_cast_linear_matmul_reduce_67fa5b, 10:k_cast_linear_matmul_reduce_cf207b__partial, 11:k_cast_linear_matmul_reduce_369764, 12:k_cast_linear_matmul_reduce_b5b17f__partial, 13:k_cast_linear_matmul_reduce_cf207b, 14:k_cast_linear_matmul_reduce_b5b17f, 15:k_mean_e22c85, 16:k_mean_c73f3f]
(EngineCore pid=3419082) INFO 2026-08-09 23:10:52,085 emmy.compiler.backend.cuda.program: [cuda] buffer-reuse: scratch slab=0.00 GB (0.00 GB naive, 1.6x) over 14 scratch buf(s)
(EngineCore pid=3419082) INFO 2026-08-09 23:10:52,086 emmy.compiler.trace.torch: torch.export.export() starting...
(EngineCore pid=3419082) INFO 2026-08-09 23:10:52,110 emmy.compiler.trace.torch: torch.export.export() done in 0.0s (42 retained FX nodes, pruned 6 dead)
(EngineCore pid=3419082) INFO 2026-08-09 23:10:52,111 emmy.compiler.trace.torch: FX→Graph IR walk done in 0.0s (55 IR nodes)
(EngineCore pid=3419082) INFO 2026-08-09 23:10:52,617 emmy.compiler.loader.quant: spelled 4 coded weight constant(s) from /home/dikobraz/Models/Laguna-S-2.1-exl3-1.98bpw
(EngineCore pid=3419082) INFO 2026-08-09 23:10:52,835 emmy.compiler.backend.cuda.program: [cuda] CompiledProgram.build: 26 launch(es) compile+alloc=0.00s kernels=[0:k_bitcast_cast_pointwise_531ded, 1:k_bitcast_cast_pointwise_b18f65, 2:k_bitcast_cast_pointwise_b18f65, 3:k_bitcast_cast_pointwise_b18f65, 4:k_bitcast_cast_pointwise_157d6a, 5:k_linear_mean_reduce_140e4d, 6:k_bitcast_cast_pointwise_2fe005, 7:k_bitcast_cast_pointwise_76b6ca, 8:k_bitcast_cast_pointwise_c08dac, 9:k_cast_linear_matmul_reduce_c7b234__partial, 10:k_cast_linear_matmul_reduce_c7b234, 11:k_cast_linear_matmul_bitcast_reduce_f7578b, 12:k_cast_linear_matmul_reduce_76ca05__partial, 13:k_cast_linear_matmul_reduce_76ca05, 14:k_mean_e36245, 15:k_cast_linear_matmul_reduce_de91e0__partial, 16:k_cast_linear_matmul_reduce_de91e0__partial, 17:k_cast_linear_matmul_reduce_de91e0, 18:k_cast_linear_matmul_reduce_de91e0, 19:k_bitcast_cast_linear_matmul_reduce_6cd202, 20:k_bitcast_cast_linear_matmul_reduce_6cd202, 21:k_cast_linear_matmul_reduce_cd9413, 22:k_cast_linear_matmul_reduce_63aae0, 23:k_bitcast_cast_linear_matmul_reduce_0d0c87, 24:k_cast_linear_matmul_reduce_76ca05__partial, 25:k_cast_linear_matmul_reduce_76ca05]
(EngineCore pid=3419082) INFO 2026-08-09 23:10:52,835 emmy.compiler.backend.cuda.program: [cuda] buffer-reuse: scratch slab=0.20 GB (0.23 GB naive, 1.1x) over 24 scratch buf(s)
(EngineCore pid=3419082) INFO 2026-08-09 23:10:52,836 emmy.serving.gen_runner: [gen_runner] compiling layer 12/48 (pre + post + decode)...
(EngineCore pid=3419082) INFO 2026-08-09 23:10:52,837 emmy.compiler.trace.torch: torch.export.export() starting...
(EngineCore pid=3419082) INFO 2026-08-09 23:10:52,860 emmy.compiler.trace.torch: torch.export.export() done in 0.0s (41 retained FX nodes, pruned 6 dead)
(EngineCore pid=3419082) INFO 2026-08-09 23:10:52,861 emmy.compiler.trace.torch: FX→Graph IR walk done in 0.0s (58 IR nodes)
(EngineCore pid=3419082) INFO 2026-08-09 23:10:53,663 emmy.compiler.loader.quant: spelled 3 coded weight constant(s) from /home/dikobraz/Models/Laguna-S-2.1-exl3-1.98bpw
(EngineCore pid=3419082) INFO 2026-08-09 23:10:54,222 emmy.compiler.backend.cuda.program: [cuda] CompiledProgram.build: 17 launch(es) compile+alloc=0.00s kernels=[0:k_mean_e36245, 1:k_cast_linear_matmul_reduce_de91e0__partial, 2:k_cast_linear_matmul_reduce_de91e0__partial, 3:k_cast_linear_matmul_reduce_de91e0__partial, 4:k_cast_linear_matmul_reduce_de91e0, 5:k_cast_linear_matmul_reduce_de91e0, 6:k_cast_linear_matmul_reduce_de91e0, 7:k_bitcast_cast_linear_matmul_reduce_a98486, 8:k_bitcast_cast_linear_matmul_reduce_18d77e, 9:k_bitcast_cast_linear_matmul_reduce_67fa5b, 10:k_cast_linear_matmul_reduce_cf207b__partial, 11:k_cast_linear_matmul_reduce_369764, 12:k_cast_linear_matmul_reduce_b5b17f__partial, 13:k_cast_linear_matmul_reduce_cf207b, 14:k_cast_linear_matmul_reduce_b5b17f, 15:k_mean_e22c85, 16:k_mean_c73f3f]
(EngineCore pid=3419082) INFO 2026-08-09 23:10:54,222 emmy.compiler.backend.cuda.program: [cuda] buffer-reuse: scratch slab=0.00 GB (0.00 GB naive, 1.6x) over 14 scratch buf(s)
(EngineCore pid=3419082) INFO 2026-08-09 23:10:54,224 emmy.compiler.trace.torch: torch.export.export() starting...
(EngineCore pid=3419082) INFO 2026-08-09 23:10:54,248 emmy.compiler.trace.torch: torch.export.export() done in 0.0s (42 retained FX nodes, pruned 6 dead)
(EngineCore pid=3419082) INFO 2026-08-09 23:10:54,249 emmy.compiler.trace.torch: FX→Graph IR walk done in 0.0s (55 IR nodes)
(EngineCore pid=3419082) INFO 2026-08-09 23:10:54,411 emmy.compiler.loader.quant: spelled 4 coded weight constant(s) from /home/dikobraz/Models/Laguna-S-2.1-exl3-1.98bpw
(EngineCore pid=3419082) INFO 2026-08-09 23:10:55,268 emmy.compiler.backend.cuda.program: [cuda] CompiledProgram.build: 26 launch(es) compile+alloc=0.00s kernels=[0:k_bitcast_cast_pointwise_531ded, 1:k_bitcast_cast_pointwise_b18f65, 2:k_bitcast_cast_pointwise_b18f65, 3:k_bitcast_cast_pointwise_b18f65, 4:k_bitcast_cast_pointwise_157d6a, 5:k_linear_mean_reduce_140e4d, 6:k_bitcast_cast_pointwise_2fe005, 7:k_bitcast_cast_pointwise_76b6ca, 8:k_bitcast_cast_pointwise_c08dac, 9:k_cast_linear_matmul_reduce_c7b234__partial, 10:k_cast_linear_matmul_reduce_c7b234, 11:k_cast_linear_matmul_bitcast_reduce_f7578b, 12:k_cast_linear_matmul_reduce_76ca05__partial, 13:k_cast_linear_matmul_reduce_76ca05, 14:k_mean_e36245, 15:k_cast_linear_matmul_reduce_de91e0__partial, 16:k_cast_linear_matmul_reduce_de91e0__partial, 17:k_cast_linear_matmul_reduce_de91e0, 18:k_cast_linear_matmul_reduce_de91e0, 19:k_bitcast_cast_linear_matmul_reduce_6cd202, 20:k_bitcast_cast_linear_matmul_reduce_6cd202, 21:k_cast_linear_matmul_reduce_cd9413, 22:k_cast_linear_matmul_reduce_63aae0, 23:k_bitcast_cast_linear_matmul_reduce_0d0c87, 24:k_cast_linear_matmul_reduce_76ca05__partial, 25:k_cast_linear_matmul_reduce_76ca05]
(EngineCore pid=3419082) INFO 2026-08-09 23:10:55,268 emmy.compiler.backend.cuda.program: [cuda] buffer-reuse: scratch slab=0.20 GB (0.23 GB naive, 1.1x) over 24 scratch buf(s)
(EngineCore pid=3419082) INFO 2026-08-09 23:10:55,270 emmy.serving.gen_runner: [gen_runner] compiling layer 13/48 (pre + post + decode)...
(EngineCore pid=3419082) INFO 2026-08-09 23:10:55,271 emmy.compiler.trace.torch: torch.export.export() starting...
(EngineCore pid=3419082) INFO 2026-08-09 23:10:55,294 emmy.compiler.trace.torch: torch.export.export() done in 0.0s (41 retained FX nodes, pruned 6 dead)
(EngineCore pid=3419082) INFO 2026-08-09 23:10:55,296 emmy.compiler.trace.torch: FX→Graph IR walk done in 0.0s (58 IR nodes)
(EngineCore pid=3419082) INFO 2026-08-09 23:10:55,799 emmy.compiler.loader.quant: spelled 3 coded weight constant(s) from /home/dikobraz/Models/Laguna-S-2.1-exl3-1.98bpw
(EngineCore pid=3419082) INFO 2026-08-09 23:10:56,014 emmy.compiler.backend.cuda.program: [cuda] CompiledProgram.build: 17 launch(es) compile+alloc=0.00s kernels=[0:k_mean_e36245, 1:k_cast_linear_matmul_reduce_de91e0__partial, 2:k_cast_linear_matmul_reduce_de91e0__partial, 3:k_cast_linear_matmul_reduce_de91e0__partial, 4:k_cast_linear_matmul_reduce_de91e0, 5:k_cast_linear_matmul_reduce_de91e0, 6:k_cast_linear_matmul_reduce_de91e0, 7:k_bitcast_cast_linear_matmul_reduce_a98486, 8:k_bitcast_cast_linear_matmul_reduce_18d77e, 9:k_bitcast_cast_linear_matmul_reduce_5b63ae, 10:k_cast_linear_matmul_reduce_cf207b__partial, 11:k_cast_linear_matmul_reduce_369764, 12:k_cast_linear_matmul_reduce_d73f75__partial, 13:k_cast_linear_matmul_reduce_cf207b, 14:k_cast_linear_matmul_reduce_d73f75, 15:k_mean_e22c85, 16:k_mean_fb3667]
(EngineCore pid=3419082) INFO 2026-08-09 23:10:56,015 emmy.compiler.backend.cuda.program: [cuda] buffer-reuse: scratch slab=0.00 GB (0.00 GB naive, 1.8x) over 14 scratch buf(s)
(EngineCore pid=3419082) INFO 2026-08-09 23:10:56,016 emmy.compiler.trace.torch: torch.export.export() starting...
(EngineCore pid=3419082) INFO 2026-08-09 23:10:56,040 emmy.compiler.trace.torch: torch.export.export() done in 0.0s (42 retained FX nodes, pruned 6 dead)
(EngineCore pid=3419082) INFO 2026-08-09 23:10:56,042 emmy.compiler.trace.torch: FX→Graph IR walk done in 0.0s (55 IR nodes)
(EngineCore pid=3419082) INFO 2026-08-09 23:10:56,839 emmy.compiler.loader.quant: spelled 4 coded weight constant(s) from /home/dikobraz/Models/Laguna-S-2.1-exl3-1.98bpw
(EngineCore pid=3419082) INFO 2026-08-09 23:10:57,399 emmy.compiler.backend.cuda.program: [cuda] CompiledProgram.build: 26 launch(es) compile+alloc=0.00s kernels=[0:k_bitcast_cast_pointwise_bd0953, 1:k_bitcast_cast_pointwise_b18f65, 2:k_bitcast_cast_pointwise_b18f65, 3:k_bitcast_cast_pointwise_b18f65, 4:k_bitcast_cast_pointwise_157d6a, 5:k_linear_mean_reduce_5e93f3, 6:k_bitcast_cast_pointwise_8967e6, 7:k_bitcast_cast_pointwise_76b6ca, 8:k_bitcast_cast_pointwise_c08dac, 9:k_cast_linear_matmul_reduce_a825dd__partial, 10:k_cast_linear_matmul_reduce_a825dd, 11:k_cast_linear_matmul_bitcast_reduce_a91b88, 12:k_cast_linear_matmul_reduce_76ca05__partial, 13:k_cast_linear_matmul_reduce_76ca05, 14:k_mean_e36245, 15:k_cast_linear_matmul_reduce_de91e0__partial, 16:k_cast_linear_matmul_reduce_de91e0__partial, 17:k_cast_linear_matmul_reduce_de91e0, 18:k_cast_linear_matmul_reduce_de91e0, 19:k_bitcast_cast_linear_matmul_reduce_6cd202, 20:k_bitcast_cast_linear_matmul_reduce_6cd202, 21:k_cast_linear_matmul_reduce_cd9413, 22:k_cast_linear_matmul_reduce_63aae0, 23:k_bitcast_cast_linear_matmul_reduce_0d0c87, 24:k_cast_linear_matmul_reduce_76ca05__partial, 25:k_cast_linear_matmul_reduce_76ca05]
(EngineCore pid=3419082) INFO 2026-08-09 23:10:57,399 emmy.compiler.backend.cuda.program: [cuda] buffer-reuse: scratch slab=0.16 GB (0.19 GB naive, 1.2x) over 24 scratch buf(s)
(EngineCore pid=3419082) INFO 2026-08-09 23:10:57,401 emmy.serving.gen_runner: [gen_runner] compiling layer 14/48 (pre + post + decode)...
(EngineCore pid=3419082) INFO 2026-08-09 23:10:57,402 emmy.compiler.trace.torch: torch.export.export() starting...
(EngineCore pid=3419082) INFO 2026-08-09 23:10:57,425 emmy.compiler.trace.torch: torch.export.export() done in 0.0s (41 retained FX nodes, pruned 6 dead)
(EngineCore pid=3419082) INFO 2026-08-09 23:10:57,426 emmy.compiler.trace.torch: FX→Graph IR walk done in 0.0s (58 IR nodes)
(EngineCore pid=3419082) INFO 2026-08-09 23:10:57,931 emmy.compiler.loader.quant: spelled 3 coded weight constant(s) from /home/dikobraz/Models/Laguna-S-2.1-exl3-1.98bpw
(EngineCore pid=3419082) INFO 2026-08-09 23:10:58,497 emmy.compiler.backend.cuda.program: [cuda] CompiledProgram.build: 17 launch(es) compile+alloc=0.00s kernels=[0:k_mean_e36245, 1:k_cast_linear_matmul_reduce_de91e0__partial, 2:k_cast_linear_matmul_reduce_de91e0__partial, 3:k_cast_linear_matmul_reduce_de91e0__partial, 4:k_cast_linear_matmul_reduce_de91e0, 5:k_cast_linear_matmul_reduce_de91e0, 6:k_cast_linear_matmul_reduce_de91e0, 7:k_bitcast_cast_linear_matmul_reduce_a98486, 8:k_bitcast_cast_linear_matmul_reduce_18d77e, 9:k_bitcast_cast_linear_matmul_reduce_67fa5b, 10:k_cast_linear_matmul_reduce_cf207b__partial, 11:k_cast_linear_matmul_reduce_369764, 12:k_cast_linear_matmul_reduce_b5b17f__partial, 13:k_cast_linear_matmul_reduce_cf207b, 14:k_cast_linear_matmul_reduce_b5b17f, 15:k_mean_e22c85, 16:k_mean_c73f3f]
(EngineCore pid=3419082) INFO 2026-08-09 23:10:58,497 emmy.compiler.backend.cuda.program: [cuda] buffer-reuse: scratch slab=0.00 GB (0.00 GB naive, 1.6x) over 14 scratch buf(s)
(EngineCore pid=3419082) INFO 2026-08-09 23:10:58,499 emmy.compiler.trace.torch: torch.export.export() starting...
(EngineCore pid=3419082) INFO 2026-08-09 23:10:58,523 emmy.compiler.trace.torch: torch.export.export() done in 0.0s (42 retained FX nodes, pruned 6 dead)
(EngineCore pid=3419082) INFO 2026-08-09 23:10:58,524 emmy.compiler.trace.torch: FX→Graph IR walk done in 0.0s (55 IR nodes)
(EngineCore pid=3419082) INFO 2026-08-09 23:10:59,055 emmy.compiler.loader.quant: spelled 4 coded weight constant(s) from /home/dikobraz/Models/Laguna-S-2.1-exl3-1.98bpw
(EngineCore pid=3419082) INFO 2026-08-09 23:10:59,278 emmy.compiler.backend.cuda.program: [cuda] CompiledProgram.build: 26 launch(es) compile+alloc=0.00s kernels=[0:k_bitcast_cast_pointwise_531ded, 1:k_bitcast_cast_pointwise_b18f65, 2:k_bitcast_cast_pointwise_b18f65, 3:k_bitcast_cast_pointwise_b18f65, 4:k_bitcast_cast_pointwise_157d6a, 5:k_linear_mean_reduce_140e4d, 6:k_bitcast_cast_pointwise_2fe005, 7:k_bitcast_cast_pointwise_76b6ca, 8:k_bitcast_cast_pointwise_c08dac, 9:k_cast_linear_matmul_reduce_c7b234__partial, 10:k_cast_linear_matmul_reduce_c7b234, 11:k_cast_linear_matmul_bitcast_reduce_f7578b, 12:k_cast_linear_matmul_reduce_76ca05__partial, 13:k_cast_linear_matmul_reduce_76ca05, 14:k_mean_e36245, 15:k_cast_linear_matmul_reduce_de91e0__partial, 16:k_cast_linear_matmul_reduce_de91e0__partial, 17:k_cast_linear_matmul_reduce_de91e0, 18:k_cast_linear_matmul_reduce_de91e0, 19:k_bitcast_cast_linear_matmul_reduce_6cd202, 20:k_bitcast_cast_linear_matmul_reduce_6cd202, 21:k_cast_linear_matmul_reduce_cd9413, 22:k_cast_linear_matmul_reduce_63aae0, 23:k_bitcast_cast_linear_matmul_reduce_0d0c87, 24:k_cast_linear_matmul_reduce_76ca05__partial, 25:k_cast_linear_matmul_reduce_76ca05]
(EngineCore pid=3419082) INFO 2026-08-09 23:10:59,278 emmy.compiler.backend.cuda.program: [cuda] buffer-reuse: scratch slab=0.20 GB (0.23 GB naive, 1.1x) over 24 scratch buf(s)
(EngineCore pid=3419082) INFO 2026-08-09 23:10:59,280 emmy.serving.gen_runner: [gen_runner] compiling layer 15/48 (pre + post + decode)...
(EngineCore pid=3419082) INFO 2026-08-09 23:10:59,281 emmy.compiler.trace.torch: torch.export.export() starting...
(EngineCore pid=3419082) INFO 2026-08-09 23:10:59,304 emmy.compiler.trace.torch: torch.export.export() done in 0.0s (41 retained FX nodes, pruned 6 dead)
(EngineCore pid=3419082) INFO 2026-08-09 23:10:59,305 emmy.compiler.trace.torch: FX→Graph IR walk done in 0.0s (58 IR nodes)
(EngineCore pid=3419082) INFO 2026-08-09 23:11:00,117 emmy.compiler.loader.quant: spelled 3 coded weight constant(s) from /home/dikobraz/Models/Laguna-S-2.1-exl3-1.98bpw
(EngineCore pid=3419082) INFO 2026-08-09 23:11:00,339 emmy.compiler.backend.cuda.program: [cuda] CompiledProgram.build: 17 launch(es) compile+alloc=0.00s kernels=[0:k_mean_e36245, 1:k_cast_linear_matmul_reduce_de91e0__partial, 2:k_cast_linear_matmul_reduce_de91e0__partial, 3:k_cast_linear_matmul_reduce_de91e0__partial, 4:k_cast_linear_matmul_reduce_de91e0, 5:k_cast_linear_matmul_reduce_de91e0, 6:k_cast_linear_matmul_reduce_de91e0, 7:k_bitcast_cast_linear_matmul_reduce_a98486, 8:k_bitcast_cast_linear_matmul_reduce_18d77e, 9:k_bitcast_cast_linear_matmul_reduce_67fa5b, 10:k_cast_linear_matmul_reduce_cf207b__partial, 11:k_cast_linear_matmul_reduce_369764, 12:k_cast_linear_matmul_reduce_b5b17f__partial, 13:k_cast_linear_matmul_reduce_cf207b, 14:k_cast_linear_matmul_reduce_b5b17f, 15:k_mean_e22c85, 16:k_mean_c73f3f]
(EngineCore pid=3419082) INFO 2026-08-09 23:11:00,339 emmy.compiler.backend.cuda.program: [cuda] buffer-reuse: scratch slab=0.00 GB (0.00 GB naive, 1.6x) over 14 scratch buf(s)
(EngineCore pid=3419082) INFO 2026-08-09 23:11:00,341 emmy.compiler.trace.torch: torch.export.export() starting...
(EngineCore pid=3419082) INFO 2026-08-09 23:11:00,365 emmy.compiler.trace.torch: torch.export.export() done in 0.0s (42 retained FX nodes, pruned 6 dead)
(EngineCore pid=3419082) INFO 2026-08-09 23:11:00,366 emmy.compiler.trace.torch: FX→Graph IR walk done in 0.0s (55 IR nodes)
(EngineCore pid=3419082) INFO 2026-08-09 23:11:01,172 emmy.compiler.loader.quant: spelled 4 coded weight constant(s) from /home/dikobraz/Models/Laguna-S-2.1-exl3-1.98bpw
(EngineCore pid=3419082) INFO 2026-08-09 23:11:01,741 emmy.compiler.backend.cuda.program: [cuda] CompiledProgram.build: 26 launch(es) compile+alloc=0.00s kernels=[0:k_bitcast_cast_pointwise_531ded, 1:k_bitcast_cast_pointwise_b18f65, 2:k_bitcast_cast_pointwise_b18f65, 3:k_bitcast_cast_pointwise_b18f65, 4:k_bitcast_cast_pointwise_157d6a, 5:k_linear_mean_reduce_140e4d, 6:k_bitcast_cast_pointwise_2fe005, 7:k_bitcast_cast_pointwise_76b6ca, 8:k_bitcast_cast_pointwise_c08dac, 9:k_cast_linear_matmul_reduce_c7b234__partial, 10:k_cast_linear_matmul_reduce_c7b234, 11:k_cast_linear_matmul_bitcast_reduce_f7578b, 12:k_cast_linear_matmul_reduce_76ca05__partial, 13:k_cast_linear_matmul_reduce_76ca05, 14:k_mean_e36245, 15:k_cast_linear_matmul_reduce_de91e0__partial, 16:k_cast_linear_matmul_reduce_de91e0__partial, 17:k_cast_linear_matmul_reduce_de91e0, 18:k_cast_linear_matmul_reduce_de91e0, 19:k_bitcast_cast_linear_matmul_reduce_6cd202, 20:k_bitcast_cast_linear_matmul_reduce_6cd202, 21:k_cast_linear_matmul_reduce_cd9413, 22:k_cast_linear_matmul_reduce_63aae0, 23:k_bitcast_cast_linear_matmul_reduce_0d0c87, 24:k_cast_linear_matmul_reduce_76ca05__partial, 25:k_cast_linear_matmul_reduce_76ca05]
(EngineCore pid=3419082) INFO 2026-08-09 23:11:01,741 emmy.compiler.backend.cuda.program: [cuda] buffer-reuse: scratch slab=0.20 GB (0.23 GB naive, 1.1x) over 24 scratch buf(s)
(EngineCore pid=3419082) INFO 2026-08-09 23:11:01,744 emmy.serving.gen_runner: [gen_runner] compiling layer 16/48 (pre + post + decode)...
(EngineCore pid=3419082) INFO 2026-08-09 23:11:01,745 emmy.compiler.trace.torch: torch.export.export() starting...
(EngineCore pid=3419082) INFO 2026-08-09 23:11:01,768 emmy.compiler.trace.torch: torch.export.export() done in 0.0s (41 retained FX nodes, pruned 6 dead)
(EngineCore pid=3419082) INFO 2026-08-09 23:11:01,769 emmy.compiler.trace.torch: FX→Graph IR walk done in 0.0s (58 IR nodes)
(EngineCore pid=3419082) INFO 2026-08-09 23:11:02,274 emmy.compiler.loader.quant: spelled 3 coded weight constant(s) from /home/dikobraz/Models/Laguna-S-2.1-exl3-1.98bpw
(EngineCore pid=3419082) INFO 2026-08-09 23:11:02,843 emmy.compiler.backend.cuda.program: [cuda] CompiledProgram.build: 17 launch(es) compile+alloc=0.00s kernels=[0:k_mean_e36245, 1:k_cast_linear_matmul_reduce_de91e0__partial, 2:k_cast_linear_matmul_reduce_de91e0__partial, 3:k_cast_linear_matmul_reduce_de91e0__partial, 4:k_cast_linear_matmul_reduce_de91e0, 5:k_cast_linear_matmul_reduce_de91e0, 6:k_cast_linear_matmul_reduce_de91e0, 7:k_bitcast_cast_linear_matmul_reduce_a98486, 8:k_bitcast_cast_linear_matmul_reduce_18d77e, 9:k_bitcast_cast_linear_matmul_reduce_67fa5b, 10:k_cast_linear_matmul_reduce_cf207b__partial, 11:k_cast_linear_matmul_reduce_369764, 12:k_cast_linear_matmul_reduce_b5b17f__partial, 13:k_cast_linear_matmul_reduce_cf207b, 14:k_cast_linear_matmul_reduce_b5b17f, 15:k_mean_e22c85, 16:k_mean_c73f3f]
(EngineCore pid=3419082) INFO 2026-08-09 23:11:02,844 emmy.compiler.backend.cuda.program: [cuda] buffer-reuse: scratch slab=0.00 GB (0.00 GB naive, 1.6x) over 14 scratch buf(s)
(EngineCore pid=3419082) INFO 2026-08-09 23:11:02,846 emmy.compiler.trace.torch: torch.export.export() starting...
(EngineCore pid=3419082) INFO 2026-08-09 23:11:02,870 emmy.compiler.trace.torch: torch.export.export() done in 0.0s (42 retained FX nodes, pruned 6 dead)
(EngineCore pid=3419082) INFO 2026-08-09 23:11:02,871 emmy.compiler.trace.torch: FX→Graph IR walk done in 0.0s (55 IR nodes)
(EngineCore pid=3419082) INFO 2026-08-09 23:11:03,386 emmy.compiler.loader.quant: spelled 4 coded weight constant(s) from /home/dikobraz/Models/Laguna-S-2.1-exl3-1.98bpw
(EngineCore pid=3419082) INFO 2026-08-09 23:11:03,609 emmy.compiler.backend.cuda.program: [cuda] CompiledProgram.build: 26 launch(es) compile+alloc=0.00s kernels=[0:k_bitcast_cast_pointwise_531ded, 1:k_bitcast_cast_pointwise_b18f65, 2:k_bitcast_cast_pointwise_b18f65, 3:k_bitcast_cast_pointwise_b18f65, 4:k_bitcast_cast_pointwise_157d6a, 5:k_linear_mean_reduce_140e4d, 6:k_bitcast_cast_pointwise_2fe005, 7:k_bitcast_cast_pointwise_76b6ca, 8:k_bitcast_cast_pointwise_c08dac, 9:k_cast_linear_matmul_reduce_c7b234__partial, 10:k_cast_linear_matmul_reduce_c7b234, 11:k_cast_linear_matmul_bitcast_reduce_f7578b, 12:k_cast_linear_matmul_reduce_76ca05__partial, 13:k_cast_linear_matmul_reduce_76ca05, 14:k_mean_e36245, 15:k_cast_linear_matmul_reduce_de91e0__partial, 16:k_cast_linear_matmul_reduce_de91e0__partial, 17:k_cast_linear_matmul_reduce_de91e0, 18:k_cast_linear_matmul_reduce_de91e0, 19:k_bitcast_cast_linear_matmul_reduce_6cd202, 20:k_bitcast_cast_linear_matmul_reduce_6cd202, 21:k_cast_linear_matmul_reduce_cd9413, 22:k_cast_linear_matmul_reduce_63aae0, 23:k_bitcast_cast_linear_matmul_reduce_0d0c87, 24:k_cast_linear_matmul_reduce_76ca05__partial, 25:k_cast_linear_matmul_reduce_76ca05]
(EngineCore pid=3419082) INFO 2026-08-09 23:11:03,609 emmy.compiler.backend.cuda.program: [cuda] buffer-reuse: scratch slab=0.20 GB (0.23 GB naive, 1.1x) over 24 scratch buf(s)
(EngineCore pid=3419082) INFO 2026-08-09 23:11:03,611 emmy.serving.gen_runner: [gen_runner] compiling layer 17/48 (pre + post + decode)...
(EngineCore pid=3419082) INFO 2026-08-09 23:11:03,612 emmy.compiler.trace.torch: torch.export.export() starting...
(EngineCore pid=3419082) INFO 2026-08-09 23:11:03,635 emmy.compiler.trace.torch: torch.export.export() done in 0.0s (41 retained FX nodes, pruned 6 dead)
(EngineCore pid=3419082) INFO 2026-08-09 23:11:03,636 emmy.compiler.trace.torch: FX→Graph IR walk done in 0.0s (58 IR nodes)
(EngineCore pid=3419082) INFO 2026-08-09 23:11:04,451 emmy.compiler.loader.quant: spelled 3 coded weight constant(s) from /home/dikobraz/Models/Laguna-S-2.1-exl3-1.98bpw
(EngineCore pid=3419082) INFO 2026-08-09 23:11:04,671 emmy.compiler.backend.cuda.program: [cuda] CompiledProgram.build: 17 launch(es) compile+alloc=0.00s kernels=[0:k_mean_e36245, 1:k_cast_linear_matmul_reduce_de91e0__partial, 2:k_cast_linear_matmul_reduce_de91e0__partial, 3:k_cast_linear_matmul_reduce_de91e0__partial, 4:k_cast_linear_matmul_reduce_de91e0, 5:k_cast_linear_matmul_reduce_de91e0, 6:k_cast_linear_matmul_reduce_de91e0, 7:k_bitcast_cast_linear_matmul_reduce_a98486, 8:k_bitcast_cast_linear_matmul_reduce_18d77e, 9:k_bitcast_cast_linear_matmul_reduce_5b63ae, 10:k_cast_linear_matmul_reduce_cf207b__partial, 11:k_cast_linear_matmul_reduce_369764, 12:k_cast_linear_matmul_reduce_d73f75__partial, 13:k_cast_linear_matmul_reduce_cf207b, 14:k_cast_linear_matmul_reduce_d73f75, 15:k_mean_e22c85, 16:k_mean_fb3667]
(EngineCore pid=3419082) INFO 2026-08-09 23:11:04,671 emmy.compiler.backend.cuda.program: [cuda] buffer-reuse: scratch slab=0.00 GB (0.00 GB naive, 1.8x) over 14 scratch buf(s)
(EngineCore pid=3419082) INFO 2026-08-09 23:11:04,673 emmy.compiler.trace.torch: torch.export.export() starting...
(EngineCore pid=3419082) INFO 2026-08-09 23:11:04,697 emmy.compiler.trace.torch: torch.export.export() done in 0.0s (42 retained FX nodes, pruned 6 dead)
(EngineCore pid=3419082) INFO 2026-08-09 23:11:04,698 emmy.compiler.trace.torch: FX→Graph IR walk done in 0.0s (55 IR nodes)
(EngineCore pid=3419082) INFO 2026-08-09 23:11:05,507 emmy.compiler.loader.quant: spelled 4 coded weight constant(s) from /home/dikobraz/Models/Laguna-S-2.1-exl3-1.98bpw
(EngineCore pid=3419082) INFO 2026-08-09 23:11:06,080 emmy.compiler.backend.cuda.program: [cuda] CompiledProgram.build: 26 launch(es) compile+alloc=0.00s kernels=[0:k_bitcast_cast_pointwise_bd0953, 1:k_bitcast_cast_pointwise_b18f65, 2:k_bitcast_cast_pointwise_b18f65, 3:k_bitcast_cast_pointwise_b18f65, 4:k_bitcast_cast_pointwise_157d6a, 5:k_linear_mean_reduce_5e93f3, 6:k_bitcast_cast_pointwise_8967e6, 7:k_bitcast_cast_pointwise_76b6ca, 8:k_bitcast_cast_pointwise_c08dac, 9:k_cast_linear_matmul_reduce_a825dd__partial, 10:k_cast_linear_matmul_reduce_a825dd, 11:k_cast_linear_matmul_bitcast_reduce_a91b88, 12:k_cast_linear_matmul_reduce_76ca05__partial, 13:k_cast_linear_matmul_reduce_76ca05, 14:k_mean_e36245, 15:k_cast_linear_matmul_reduce_de91e0__partial, 16:k_cast_linear_matmul_reduce_de91e0__partial, 17:k_cast_linear_matmul_reduce_de91e0, 18:k_cast_linear_matmul_reduce_de91e0, 19:k_bitcast_cast_linear_matmul_reduce_6cd202, 20:k_bitcast_cast_linear_matmul_reduce_6cd202, 21:k_cast_linear_matmul_reduce_cd9413, 22:k_cast_linear_matmul_reduce_63aae0, 23:k_bitcast_cast_linear_matmul_reduce_0d0c87, 24:k_cast_linear_matmul_reduce_76ca05__partial, 25:k_cast_linear_matmul_reduce_76ca05]
(EngineCore pid=3419082) INFO 2026-08-09 23:11:06,080 emmy.compiler.backend.cuda.program: [cuda] buffer-reuse: scratch slab=0.16 GB (0.19 GB naive, 1.2x) over 24 scratch buf(s)
(EngineCore pid=3419082) INFO 2026-08-09 23:11:06,082 emmy.serving.gen_runner: [gen_runner] compiling layer 18/48 (pre + post + decode)...
(EngineCore pid=3419082) INFO 2026-08-09 23:11:06,083 emmy.compiler.trace.torch: torch.export.export() starting...
(EngineCore pid=3419082) INFO 2026-08-09 23:11:06,107 emmy.compiler.trace.torch: torch.export.export() done in 0.0s (41 retained FX nodes, pruned 6 dead)
(EngineCore pid=3419082) INFO 2026-08-09 23:11:06,108 emmy.compiler.trace.torch: FX→Graph IR walk done in 0.0s (58 IR nodes)
(EngineCore pid=3419082) INFO 2026-08-09 23:11:06,621 emmy.compiler.loader.quant: spelled 3 coded weight constant(s) from /home/dikobraz/Models/Laguna-S-2.1-exl3-1.98bpw
(EngineCore pid=3419082) INFO 2026-08-09 23:11:06,842 emmy.compiler.backend.cuda.program: [cuda] CompiledProgram.build: 17 launch(es) compile+alloc=0.00s kernels=[0:k_mean_e36245, 1:k_cast_linear_matmul_reduce_de91e0__partial, 2:k_cast_linear_matmul_reduce_de91e0__partial, 3:k_cast_linear_matmul_reduce_de91e0__partial, 4:k_cast_linear_matmul_reduce_de91e0, 5:k_cast_linear_matmul_reduce_de91e0, 6:k_cast_linear_matmul_reduce_de91e0, 7:k_bitcast_cast_linear_matmul_reduce_a98486, 8:k_bitcast_cast_linear_matmul_reduce_18d77e, 9:k_bitcast_cast_linear_matmul_reduce_67fa5b, 10:k_cast_linear_matmul_reduce_cf207b__partial, 11:k_cast_linear_matmul_reduce_369764, 12:k_cast_linear_matmul_reduce_b5b17f__partial, 13:k_cast_linear_matmul_reduce_cf207b, 14:k_cast_linear_matmul_reduce_b5b17f, 15:k_mean_e22c85, 16:k_mean_c73f3f]
(EngineCore pid=3419082) INFO 2026-08-09 23:11:06,842 emmy.compiler.backend.cuda.program: [cuda] buffer-reuse: scratch slab=0.00 GB (0.00 GB naive, 1.6x) over 14 scratch buf(s)
(EngineCore pid=3419082) INFO 2026-08-09 23:11:06,844 emmy.compiler.trace.torch: torch.export.export() starting...
(EngineCore pid=3419082) INFO 2026-08-09 23:11:06,868 emmy.compiler.trace.torch: torch.export.export() done in 0.0s (42 retained FX nodes, pruned 6 dead)
(EngineCore pid=3419082) INFO 2026-08-09 23:11:06,869 emmy.compiler.trace.torch: FX→Graph IR walk done in 0.0s (55 IR nodes)
(EngineCore pid=3419082) INFO 2026-08-09 23:11:07,688 emmy.compiler.loader.quant: spelled 4 coded weight constant(s) from /home/dikobraz/Models/Laguna-S-2.1-exl3-1.98bpw
(EngineCore pid=3419082) INFO 2026-08-09 23:11:07,914 emmy.compiler.backend.cuda.program: [cuda] CompiledProgram.build: 26 launch(es) compile+alloc=0.00s kernels=[0:k_bitcast_cast_pointwise_531ded, 1:k_bitcast_cast_pointwise_b18f65, 2:k_bitcast_cast_pointwise_b18f65, 3:k_bitcast_cast_pointwise_b18f65, 4:k_bitcast_cast_pointwise_157d6a, 5:k_linear_mean_reduce_140e4d, 6:k_bitcast_cast_pointwise_2fe005, 7:k_bitcast_cast_pointwise_76b6ca, 8:k_bitcast_cast_pointwise_c08dac, 9:k_cast_linear_matmul_reduce_c7b234__partial, 10:k_cast_linear_matmul_reduce_c7b234, 11:k_cast_linear_matmul_bitcast_reduce_f7578b, 12:k_cast_linear_matmul_reduce_76ca05__partial, 13:k_cast_linear_matmul_reduce_76ca05, 14:k_mean_e36245, 15:k_cast_linear_matmul_reduce_de91e0__partial, 16:k_cast_linear_matmul_reduce_de91e0__partial, 17:k_cast_linear_matmul_reduce_de91e0, 18:k_cast_linear_matmul_reduce_de91e0, 19:k_bitcast_cast_linear_matmul_reduce_6cd202, 20:k_bitcast_cast_linear_matmul_reduce_6cd202, 21:k_cast_linear_matmul_reduce_cd9413, 22:k_cast_linear_matmul_reduce_63aae0, 23:k_bitcast_cast_linear_matmul_reduce_0d0c87, 24:k_cast_linear_matmul_reduce_76ca05__partial, 25:k_cast_linear_matmul_reduce_76ca05]
(EngineCore pid=3419082) INFO 2026-08-09 23:11:07,914 emmy.compiler.backend.cuda.program: [cuda] buffer-reuse: scratch slab=0.20 GB (0.23 GB naive, 1.1x) over 24 scratch buf(s)
(EngineCore pid=3419082) INFO 2026-08-09 23:11:07,916 emmy.serving.gen_runner: [gen_runner] compiling layer 19/48 (pre + post + decode)...
(EngineCore pid=3419082) INFO 2026-08-09 23:11:07,917 emmy.compiler.trace.torch: torch.export.export() starting...
(EngineCore pid=3419082) INFO 2026-08-09 23:11:07,941 emmy.compiler.trace.torch: torch.export.export() done in 0.0s (41 retained FX nodes, pruned 6 dead)
(EngineCore pid=3419082) INFO 2026-08-09 23:11:07,942 emmy.compiler.trace.torch: FX→Graph IR walk done in 0.0s (58 IR nodes)
(EngineCore pid=3419082) INFO 2026-08-09 23:11:08,749 emmy.compiler.loader.quant: spelled 3 coded weight constant(s) from /home/dikobraz/Models/Laguna-S-2.1-exl3-1.98bpw
(EngineCore pid=3419082) INFO 2026-08-09 23:11:09,316 emmy.compiler.backend.cuda.program: [cuda] CompiledProgram.build: 17 launch(es) compile+alloc=0.00s kernels=[0:k_mean_e36245, 1:k_cast_linear_matmul_reduce_de91e0__partial, 2:k_cast_linear_matmul_reduce_de91e0__partial, 3:k_cast_linear_matmul_reduce_de91e0__partial, 4:k_cast_linear_matmul_reduce_de91e0, 5:k_cast_linear_matmul_reduce_de91e0, 6:k_cast_linear_matmul_reduce_de91e0, 7:k_bitcast_cast_linear_matmul_reduce_a98486, 8:k_bitcast_cast_linear_matmul_reduce_18d77e, 9:k_bitcast_cast_linear_matmul_reduce_67fa5b, 10:k_cast_linear_matmul_reduce_cf207b__partial, 11:k_cast_linear_matmul_reduce_369764, 12:k_cast_linear_matmul_reduce_b5b17f__partial, 13:k_cast_linear_matmul_reduce_cf207b, 14:k_cast_linear_matmul_reduce_b5b17f, 15:k_mean_e22c85, 16:k_mean_c73f3f]
(EngineCore pid=3419082) INFO 2026-08-09 23:11:09,316 emmy.compiler.backend.cuda.program: [cuda] buffer-reuse: scratch slab=0.00 GB (0.00 GB naive, 1.6x) over 14 scratch buf(s)
(EngineCore pid=3419082) INFO 2026-08-09 23:11:09,318 emmy.compiler.trace.torch: torch.export.export() starting...
(EngineCore pid=3419082) INFO 2026-08-09 23:11:09,342 emmy.compiler.trace.torch: torch.export.export() done in 0.0s (42 retained FX nodes, pruned 6 dead)
(EngineCore pid=3419082) INFO 2026-08-09 23:11:09,343 emmy.compiler.trace.torch: FX→Graph IR walk done in 0.0s (55 IR nodes)
(EngineCore pid=3419082) INFO 2026-08-09 23:11:09,854 emmy.compiler.loader.quant: spelled 4 coded weight constant(s) from /home/dikobraz/Models/Laguna-S-2.1-exl3-1.98bpw
(EngineCore pid=3419082) INFO 2026-08-09 23:11:10,078 emmy.compiler.backend.cuda.program: [cuda] CompiledProgram.build: 26 launch(es) compile+alloc=0.00s kernels=[0:k_bitcast_cast_pointwise_531ded, 1:k_bitcast_cast_pointwise_b18f65, 2:k_bitcast_cast_pointwise_b18f65, 3:k_bitcast_cast_pointwise_b18f65, 4:k_bitcast_cast_pointwise_157d6a, 5:k_linear_mean_reduce_140e4d, 6:k_bitcast_cast_pointwise_2fe005, 7:k_bitcast_cast_pointwise_76b6ca, 8:k_bitcast_cast_pointwise_c08dac, 9:k_cast_linear_matmul_reduce_c7b234__partial, 10:k_cast_linear_matmul_reduce_c7b234, 11:k_cast_linear_matmul_bitcast_reduce_f7578b, 12:k_cast_linear_matmul_reduce_76ca05__partial, 13:k_cast_linear_matmul_reduce_76ca05, 14:k_mean_e36245, 15:k_cast_linear_matmul_reduce_de91e0__partial, 16:k_cast_linear_matmul_reduce_de91e0__partial, 17:k_cast_linear_matmul_reduce_de91e0, 18:k_cast_linear_matmul_reduce_de91e0, 19:k_bitcast_cast_linear_matmul_reduce_6cd202, 20:k_bitcast_cast_linear_matmul_reduce_6cd202, 21:k_cast_linear_matmul_reduce_cd9413, 22:k_cast_linear_matmul_reduce_63aae0, 23:k_bitcast_cast_linear_matmul_reduce_0d0c87, 24:k_cast_linear_matmul_reduce_76ca05__partial, 25:k_cast_linear_matmul_reduce_76ca05]
(EngineCore pid=3419082) INFO 2026-08-09 23:11:10,078 emmy.compiler.backend.cuda.program: [cuda] buffer-reuse: scratch slab=0.20 GB (0.23 GB naive, 1.1x) over 24 scratch buf(s)
(EngineCore pid=3419082) INFO 2026-08-09 23:11:10,080 emmy.serving.gen_runner: [gen_runner] compiling layer 20/48 (pre + post + decode)...
(EngineCore pid=3419082) INFO 2026-08-09 23:11:10,081 emmy.compiler.trace.torch: torch.export.export() starting...
(EngineCore pid=3419082) INFO 2026-08-09 23:11:10,105 emmy.compiler.trace.torch: torch.export.export() done in 0.0s (41 retained FX nodes, pruned 6 dead)
(EngineCore pid=3419082) INFO 2026-08-09 23:11:10,106 emmy.compiler.trace.torch: FX→Graph IR walk done in 0.0s (58 IR nodes)
(EngineCore pid=3419082) INFO 2026-08-09 23:11:10,917 emmy.compiler.loader.quant: spelled 3 coded weight constant(s) from /home/dikobraz/Models/Laguna-S-2.1-exl3-1.98bpw
(EngineCore pid=3419082) INFO 2026-08-09 23:11:11,140 emmy.compiler.backend.cuda.program: [cuda] CompiledProgram.build: 17 launch(es) compile+alloc=0.00s kernels=[0:k_mean_e36245, 1:k_cast_linear_matmul_reduce_de91e0__partial, 2:k_cast_linear_matmul_reduce_de91e0__partial, 3:k_cast_linear_matmul_reduce_de91e0__partial, 4:k_cast_linear_matmul_reduce_de91e0, 5:k_cast_linear_matmul_reduce_de91e0, 6:k_cast_linear_matmul_reduce_de91e0, 7:k_bitcast_cast_linear_matmul_reduce_a98486, 8:k_bitcast_cast_linear_matmul_reduce_18d77e, 9:k_bitcast_cast_linear_matmul_reduce_67fa5b, 10:k_cast_linear_matmul_reduce_cf207b__partial, 11:k_cast_linear_matmul_reduce_369764, 12:k_cast_linear_matmul_reduce_b5b17f__partial, 13:k_cast_linear_matmul_reduce_cf207b, 14:k_cast_linear_matmul_reduce_b5b17f, 15:k_mean_e22c85, 16:k_mean_c73f3f]
(EngineCore pid=3419082) INFO 2026-08-09 23:11:11,140 emmy.compiler.backend.cuda.program: [cuda] buffer-reuse: scratch slab=0.00 GB (0.00 GB naive, 1.6x) over 14 scratch buf(s)
(EngineCore pid=3419082) INFO 2026-08-09 23:11:11,142 emmy.compiler.trace.torch: torch.export.export() starting...
(EngineCore pid=3419082) INFO 2026-08-09 23:11:11,166 emmy.compiler.trace.torch: torch.export.export() done in 0.0s (42 retained FX nodes, pruned 6 dead)
(EngineCore pid=3419082) INFO 2026-08-09 23:11:11,167 emmy.compiler.trace.torch: FX→Graph IR walk done in 0.0s (55 IR nodes)
(EngineCore pid=3419082) INFO 2026-08-09 23:11:11,971 emmy.compiler.loader.quant: spelled 4 coded weight constant(s) from /home/dikobraz/Models/Laguna-S-2.1-exl3-1.98bpw
(EngineCore pid=3419082) INFO 2026-08-09 23:11:12,541 emmy.compiler.backend.cuda.program: [cuda] CompiledProgram.build: 26 launch(es) compile+alloc=0.00s kernels=[0:k_bitcast_cast_pointwise_531ded, 1:k_bitcast_cast_pointwise_b18f65, 2:k_bitcast_cast_pointwise_b18f65, 3:k_bitcast_cast_pointwise_b18f65, 4:k_bitcast_cast_pointwise_157d6a, 5:k_linear_mean_reduce_140e4d, 6:k_bitcast_cast_pointwise_2fe005, 7:k_bitcast_cast_pointwise_76b6ca, 8:k_bitcast_cast_pointwise_c08dac, 9:k_cast_linear_matmul_reduce_c7b234__partial, 10:k_cast_linear_matmul_reduce_c7b234, 11:k_cast_linear_matmul_bitcast_reduce_f7578b, 12:k_cast_linear_matmul_reduce_76ca05__partial, 13:k_cast_linear_matmul_reduce_76ca05, 14:k_mean_e36245, 15:k_cast_linear_matmul_reduce_de91e0__partial, 16:k_cast_linear_matmul_reduce_de91e0__partial, 17:k_cast_linear_matmul_reduce_de91e0, 18:k_cast_linear_matmul_reduce_de91e0, 19:k_bitcast_cast_linear_matmul_reduce_6cd202, 20:k_bitcast_cast_linear_matmul_reduce_6cd202, 21:k_cast_linear_matmul_reduce_cd9413, 22:k_cast_linear_matmul_reduce_63aae0, 23:k_bitcast_cast_linear_matmul_reduce_0d0c87, 24:k_cast_linear_matmul_reduce_76ca05__partial, 25:k_cast_linear_matmul_reduce_76ca05]
(EngineCore pid=3419082) INFO 2026-08-09 23:11:12,541 emmy.compiler.backend.cuda.program: [cuda] buffer-reuse: scratch slab=0.20 GB (0.23 GB naive, 1.1x) over 24 scratch buf(s)
(EngineCore pid=3419082) INFO 2026-08-09 23:11:12,543 emmy.serving.gen_runner: [gen_runner] compiling layer 21/48 (pre + post + decode)...
(EngineCore pid=3419082) INFO 2026-08-09 23:11:12,544 emmy.compiler.trace.torch: torch.export.export() starting...
(EngineCore pid=3419082) INFO 2026-08-09 23:11:12,567 emmy.compiler.trace.torch: torch.export.export() done in 0.0s (41 retained FX nodes, pruned 6 dead)
(EngineCore pid=3419082) INFO 2026-08-09 23:11:12,569 emmy.compiler.trace.torch: FX→Graph IR walk done in 0.0s (58 IR nodes)
(EngineCore pid=3419082) INFO 2026-08-09 23:11:13,082 emmy.compiler.loader.quant: spelled 3 coded weight constant(s) from /home/dikobraz/Models/Laguna-S-2.1-exl3-1.98bpw
(EngineCore pid=3419082) INFO 2026-08-09 23:11:13,651 emmy.compiler.backend.cuda.program: [cuda] CompiledProgram.build: 17 launch(es) compile+alloc=0.00s kernels=[0:k_mean_e36245, 1:k_cast_linear_matmul_reduce_de91e0__partial, 2:k_cast_linear_matmul_reduce_de91e0__partial, 3:k_cast_linear_matmul_reduce_de91e0__partial, 4:k_cast_linear_matmul_reduce_de91e0, 5:k_cast_linear_matmul_reduce_de91e0, 6:k_cast_linear_matmul_reduce_de91e0, 7:k_bitcast_cast_linear_matmul_reduce_a98486, 8:k_bitcast_cast_linear_matmul_reduce_18d77e, 9:k_bitcast_cast_linear_matmul_reduce_5b63ae, 10:k_cast_linear_matmul_reduce_cf207b__partial, 11:k_cast_linear_matmul_reduce_369764, 12:k_cast_linear_matmul_reduce_d73f75__partial, 13:k_cast_linear_matmul_reduce_cf207b, 14:k_cast_linear_matmul_reduce_d73f75, 15:k_mean_e22c85, 16:k_mean_fb3667]
(EngineCore pid=3419082) INFO 2026-08-09 23:11:13,651 emmy.compiler.backend.cuda.program: [cuda] buffer-reuse: scratch slab=0.00 GB (0.00 GB naive, 1.8x) over 14 scratch buf(s)
(EngineCore pid=3419082) INFO 2026-08-09 23:11:13,653 emmy.compiler.trace.torch: torch.export.export() starting...
(EngineCore pid=3419082) INFO 2026-08-09 23:11:13,677 emmy.compiler.trace.torch: torch.export.export() done in 0.0s (42 retained FX nodes, pruned 6 dead)
(EngineCore pid=3419082) INFO 2026-08-09 23:11:13,678 emmy.compiler.trace.torch: FX→Graph IR walk done in 0.0s (55 IR nodes)
(EngineCore pid=3419082) INFO 2026-08-09 23:11:14,194 emmy.compiler.loader.quant: spelled 4 coded weight constant(s) from /home/dikobraz/Models/Laguna-S-2.1-exl3-1.98bpw
(EngineCore pid=3419082) INFO 2026-08-09 23:11:14,416 emmy.compiler.backend.cuda.program: [cuda] CompiledProgram.build: 26 launch(es) compile+alloc=0.00s kernels=[0:k_bitcast_cast_pointwise_bd0953, 1:k_bitcast_cast_pointwise_b18f65, 2:k_bitcast_cast_pointwise_b18f65, 3:k_bitcast_cast_pointwise_b18f65, 4:k_bitcast_cast_pointwise_157d6a, 5:k_linear_mean_reduce_5e93f3, 6:k_bitcast_cast_pointwise_8967e6, 7:k_bitcast_cast_pointwise_76b6ca, 8:k_bitcast_cast_pointwise_c08dac, 9:k_cast_linear_matmul_reduce_a825dd__partial, 10:k_cast_linear_matmul_reduce_a825dd, 11:k_cast_linear_matmul_bitcast_reduce_a91b88, 12:k_cast_linear_matmul_reduce_76ca05__partial, 13:k_cast_linear_matmul_reduce_76ca05, 14:k_mean_e36245, 15:k_cast_linear_matmul_reduce_de91e0__partial, 16:k_cast_linear_matmul_reduce_de91e0__partial, 17:k_cast_linear_matmul_reduce_de91e0, 18:k_cast_linear_matmul_reduce_de91e0, 19:k_bitcast_cast_linear_matmul_reduce_6cd202, 20:k_bitcast_cast_linear_matmul_reduce_6cd202, 21:k_cast_linear_matmul_reduce_cd9413, 22:k_cast_linear_matmul_reduce_63aae0, 23:k_bitcast_cast_linear_matmul_reduce_0d0c87, 24:k_cast_linear_matmul_reduce_76ca05__partial, 25:k_cast_linear_matmul_reduce_76ca05]
(EngineCore pid=3419082) INFO 2026-08-09 23:11:14,416 emmy.compiler.backend.cuda.program: [cuda] buffer-reuse: scratch slab=0.16 GB (0.19 GB naive, 1.2x) over 24 scratch buf(s)
(EngineCore pid=3419082) INFO 2026-08-09 23:11:14,418 emmy.serving.gen_runner: [gen_runner] compiling layer 22/48 (pre + post + decode)...
(EngineCore pid=3419082) INFO 2026-08-09 23:11:14,419 emmy.compiler.trace.torch: torch.export.export() starting...
(EngineCore pid=3419082) INFO 2026-08-09 23:11:14,442 emmy.compiler.trace.torch: torch.export.export() done in 0.0s (41 retained FX nodes, pruned 6 dead)
(EngineCore pid=3419082) INFO 2026-08-09 23:11:14,444 emmy.compiler.trace.torch: FX→Graph IR walk done in 0.0s (58 IR nodes)
(EngineCore pid=3419082) INFO 2026-08-09 23:11:15,256 emmy.compiler.loader.quant: spelled 3 coded weight constant(s) from /home/dikobraz/Models/Laguna-S-2.1-exl3-1.98bpw
(EngineCore pid=3419082) INFO 2026-08-09 23:11:15,478 emmy.compiler.backend.cuda.program: [cuda] CompiledProgram.build: 17 launch(es) compile+alloc=0.00s kernels=[0:k_mean_e36245, 1:k_cast_linear_matmul_reduce_de91e0__partial, 2:k_cast_linear_matmul_reduce_de91e0__partial, 3:k_cast_linear_matmul_reduce_de91e0__partial, 4:k_cast_linear_matmul_reduce_de91e0, 5:k_cast_linear_matmul_reduce_de91e0, 6:k_cast_linear_matmul_reduce_de91e0, 7:k_bitcast_cast_linear_matmul_reduce_a98486, 8:k_bitcast_cast_linear_matmul_reduce_18d77e, 9:k_bitcast_cast_linear_matmul_reduce_67fa5b, 10:k_cast_linear_matmul_reduce_cf207b__partial, 11:k_cast_linear_matmul_reduce_369764, 12:k_cast_linear_matmul_reduce_b5b17f__partial, 13:k_cast_linear_matmul_reduce_cf207b, 14:k_cast_linear_matmul_reduce_b5b17f, 15:k_mean_e22c85, 16:k_mean_c73f3f]
(EngineCore pid=3419082) INFO 2026-08-09 23:11:15,478 emmy.compiler.backend.cuda.program: [cuda] buffer-reuse: scratch slab=0.00 GB (0.00 GB naive, 1.6x) over 14 scratch buf(s)
(EngineCore pid=3419082) INFO 2026-08-09 23:11:15,480 emmy.compiler.trace.torch: torch.export.export() starting...
(EngineCore pid=3419082) INFO 2026-08-09 23:11:15,504 emmy.compiler.trace.torch: torch.export.export() done in 0.0s (42 retained FX nodes, pruned 6 dead)
(EngineCore pid=3419082) INFO 2026-08-09 23:11:15,505 emmy.compiler.trace.torch: FX→Graph IR walk done in 0.0s (55 IR nodes)
(EngineCore pid=3419082) INFO 2026-08-09 23:11:16,312 emmy.compiler.loader.quant: spelled 4 coded weight constant(s) from /home/dikobraz/Models/Laguna-S-2.1-exl3-1.98bpw
(EngineCore pid=3419082) INFO 2026-08-09 23:11:16,883 emmy.compiler.backend.cuda.program: [cuda] CompiledProgram.build: 26 launch(es) compile+alloc=0.00s kernels=[0:k_bitcast_cast_pointwise_531ded, 1:k_bitcast_cast_pointwise_b18f65, 2:k_bitcast_cast_pointwise_b18f65, 3:k_bitcast_cast_pointwise_b18f65, 4:k_bitcast_cast_pointwise_157d6a, 5:k_linear_mean_reduce_140e4d, 6:k_bitcast_cast_pointwise_2fe005, 7:k_bitcast_cast_pointwise_76b6ca, 8:k_bitcast_cast_pointwise_c08dac, 9:k_cast_linear_matmul_reduce_c7b234__partial, 10:k_cast_linear_matmul_reduce_c7b234, 11:k_cast_linear_matmul_bitcast_reduce_f7578b, 12:k_cast_linear_matmul_reduce_76ca05__partial, 13:k_cast_linear_matmul_reduce_76ca05, 14:k_mean_e36245, 15:k_cast_linear_matmul_reduce_de91e0__partial, 16:k_cast_linear_matmul_reduce_de91e0__partial, 17:k_cast_linear_matmul_reduce_de91e0, 18:k_cast_linear_matmul_reduce_de91e0, 19:k_bitcast_cast_linear_matmul_reduce_6cd202, 20:k_bitcast_cast_linear_matmul_reduce_6cd202, 21:k_cast_linear_matmul_reduce_cd9413, 22:k_cast_linear_matmul_reduce_63aae0, 23:k_bitcast_cast_linear_matmul_reduce_0d0c87, 24:k_cast_linear_matmul_reduce_76ca05__partial, 25:k_cast_linear_matmul_reduce_76ca05]
(EngineCore pid=3419082) INFO 2026-08-09 23:11:16,883 emmy.compiler.backend.cuda.program: [cuda] buffer-reuse: scratch slab=0.20 GB (0.23 GB naive, 1.1x) over 24 scratch buf(s)
(EngineCore pid=3419082) INFO 2026-08-09 23:11:16,885 emmy.serving.gen_runner: [gen_runner] compiling layer 23/48 (pre + post + decode)...
(EngineCore pid=3419082) INFO 2026-08-09 23:11:16,886 emmy.compiler.trace.torch: torch.export.export() starting...
(EngineCore pid=3419082) INFO 2026-08-09 23:11:16,910 emmy.compiler.trace.torch: torch.export.export() done in 0.0s (41 retained FX nodes, pruned 6 dead)
(EngineCore pid=3419082) INFO 2026-08-09 23:11:16,911 emmy.compiler.trace.torch: FX→Graph IR walk done in 0.0s (58 IR nodes)
(EngineCore pid=3419082) INFO 2026-08-09 23:11:17,421 emmy.compiler.loader.quant: spelled 3 coded weight constant(s) from /home/dikobraz/Models/Laguna-S-2.1-exl3-1.98bpw
(EngineCore pid=3419082) INFO 2026-08-09 23:11:17,642 emmy.compiler.backend.cuda.program: [cuda] CompiledProgram.build: 17 launch(es) compile+alloc=0.00s kernels=[0:k_mean_e36245, 1:k_cast_linear_matmul_reduce_de91e0__partial, 2:k_cast_linear_matmul_reduce_de91e0__partial, 3:k_cast_linear_matmul_reduce_de91e0__partial, 4:k_cast_linear_matmul_reduce_de91e0, 5:k_cast_linear_matmul_reduce_de91e0, 6:k_cast_linear_matmul_reduce_de91e0, 7:k_bitcast_cast_linear_matmul_reduce_a98486, 8:k_bitcast_cast_linear_matmul_reduce_18d77e, 9:k_bitcast_cast_linear_matmul_reduce_67fa5b, 10:k_cast_linear_matmul_reduce_cf207b__partial, 11:k_cast_linear_matmul_reduce_369764, 12:k_cast_linear_matmul_reduce_b5b17f__partial, 13:k_cast_linear_matmul_reduce_cf207b, 14:k_cast_linear_matmul_reduce_b5b17f, 15:k_mean_e22c85, 16:k_mean_c73f3f]
(EngineCore pid=3419082) INFO 2026-08-09 23:11:17,642 emmy.compiler.backend.cuda.program: [cuda] buffer-reuse: scratch slab=0.00 GB (0.00 GB naive, 1.6x) over 14 scratch buf(s)
(EngineCore pid=3419082) INFO 2026-08-09 23:11:17,644 emmy.compiler.trace.torch: torch.export.export() starting...
(EngineCore pid=3419082) INFO 2026-08-09 23:11:17,668 emmy.compiler.trace.torch: torch.export.export() done in 0.0s (42 retained FX nodes, pruned 6 dead)
(EngineCore pid=3419082) INFO 2026-08-09 23:11:17,669 emmy.compiler.trace.torch: FX→Graph IR walk done in 0.0s (55 IR nodes)
(EngineCore pid=3419082) INFO 2026-08-09 23:11:18,479 emmy.compiler.loader.quant: spelled 4 coded weight constant(s) from /home/dikobraz/Models/Laguna-S-2.1-exl3-1.98bpw
(EngineCore pid=3419082) INFO 2026-08-09 23:11:19,053 emmy.compiler.backend.cuda.program: [cuda] CompiledProgram.build: 26 launch(es) compile+alloc=0.00s kernels=[0:k_bitcast_cast_pointwise_531ded, 1:k_bitcast_cast_pointwise_b18f65, 2:k_bitcast_cast_pointwise_b18f65, 3:k_bitcast_cast_pointwise_b18f65, 4:k_bitcast_cast_pointwise_157d6a, 5:k_linear_mean_reduce_140e4d, 6:k_bitcast_cast_pointwise_2fe005, 7:k_bitcast_cast_pointwise_76b6ca, 8:k_bitcast_cast_pointwise_c08dac, 9:k_cast_linear_matmul_reduce_c7b234__partial, 10:k_cast_linear_matmul_reduce_c7b234, 11:k_cast_linear_matmul_bitcast_reduce_f7578b, 12:k_cast_linear_matmul_reduce_76ca05__partial, 13:k_cast_linear_matmul_reduce_76ca05, 14:k_mean_e36245, 15:k_cast_linear_matmul_reduce_de91e0__partial, 16:k_cast_linear_matmul_reduce_de91e0__partial, 17:k_cast_linear_matmul_reduce_de91e0, 18:k_cast_linear_matmul_reduce_de91e0, 19:k_bitcast_cast_linear_matmul_reduce_6cd202, 20:k_bitcast_cast_linear_matmul_reduce_6cd202, 21:k_cast_linear_matmul_reduce_cd9413, 22:k_cast_linear_matmul_reduce_63aae0, 23:k_bitcast_cast_linear_matmul_reduce_0d0c87, 24:k_cast_linear_matmul_reduce_76ca05__partial, 25:k_cast_linear_matmul_reduce_76ca05]
(EngineCore pid=3419082) INFO 2026-08-09 23:11:19,053 emmy.compiler.backend.cuda.program: [cuda] buffer-reuse: scratch slab=0.20 GB (0.23 GB naive, 1.1x) over 24 scratch buf(s)
(EngineCore pid=3419082) INFO 2026-08-09 23:11:19,055 emmy.serving.gen_runner: [gen_runner] compiling layer 24/48 (pre + post + decode)...
(EngineCore pid=3419082) INFO 2026-08-09 23:11:19,056 emmy.compiler.trace.torch: torch.export.export() starting...
(EngineCore pid=3419082) INFO 2026-08-09 23:11:19,079 emmy.compiler.trace.torch: torch.export.export() done in 0.0s (41 retained FX nodes, pruned 6 dead)
(EngineCore pid=3419082) INFO 2026-08-09 23:11:19,081 emmy.compiler.trace.torch: FX→Graph IR walk done in 0.0s (58 IR nodes)
(EngineCore pid=3419082) INFO 2026-08-09 23:11:19,592 emmy.compiler.loader.quant: spelled 3 coded weight constant(s) from /home/dikobraz/Models/Laguna-S-2.1-exl3-1.98bpw
(EngineCore pid=3419082) INFO 2026-08-09 23:11:19,816 emmy.compiler.backend.cuda.program: [cuda] CompiledProgram.build: 17 launch(es) compile+alloc=0.00s kernels=[0:k_mean_e36245, 1:k_cast_linear_matmul_reduce_de91e0__partial, 2:k_cast_linear_matmul_reduce_de91e0__partial, 3:k_cast_linear_matmul_reduce_de91e0__partial, 4:k_cast_linear_matmul_reduce_de91e0, 5:k_cast_linear_matmul_reduce_de91e0, 6:k_cast_linear_matmul_reduce_de91e0, 7:k_bitcast_cast_linear_matmul_reduce_a98486, 8:k_bitcast_cast_linear_matmul_reduce_18d77e, 9:k_bitcast_cast_linear_matmul_reduce_67fa5b, 10:k_cast_linear_matmul_reduce_cf207b__partial, 11:k_cast_linear_matmul_reduce_369764, 12:k_cast_linear_matmul_reduce_b5b17f__partial, 13:k_cast_linear_matmul_reduce_cf207b, 14:k_cast_linear_matmul_reduce_b5b17f, 15:k_mean_e22c85, 16:k_mean_c73f3f]
(EngineCore pid=3419082) INFO 2026-08-09 23:11:19,816 emmy.compiler.backend.cuda.program: [cuda] buffer-reuse: scratch slab=0.00 GB (0.00 GB naive, 1.6x) over 14 scratch buf(s)
(EngineCore pid=3419082) INFO 2026-08-09 23:11:19,818 emmy.compiler.trace.torch: torch.export.export() starting...
(EngineCore pid=3419082) INFO 2026-08-09 23:11:19,842 emmy.compiler.trace.torch: torch.export.export() done in 0.0s (42 retained FX nodes, pruned 6 dead)
(EngineCore pid=3419082) INFO 2026-08-09 23:11:19,843 emmy.compiler.trace.torch: FX→Graph IR walk done in 0.0s (55 IR nodes)
(EngineCore pid=3419082) INFO 2026-08-09 23:11:20,661 emmy.compiler.loader.quant: spelled 4 coded weight constant(s) from /home/dikobraz/Models/Laguna-S-2.1-exl3-1.98bpw
(EngineCore pid=3419082) INFO 2026-08-09 23:11:21,236 emmy.compiler.backend.cuda.program: [cuda] CompiledProgram.build: 26 launch(es) compile+alloc=0.00s kernels=[0:k_bitcast_cast_pointwise_531ded, 1:k_bitcast_cast_pointwise_b18f65, 2:k_bitcast_cast_pointwise_b18f65, 3:k_bitcast_cast_pointwise_b18f65, 4:k_bitcast_cast_pointwise_157d6a, 5:k_linear_mean_reduce_140e4d, 6:k_bitcast_cast_pointwise_2fe005, 7:k_bitcast_cast_pointwise_76b6ca, 8:k_bitcast_cast_pointwise_c08dac, 9:k_cast_linear_matmul_reduce_c7b234__partial, 10:k_cast_linear_matmul_reduce_c7b234, 11:k_cast_linear_matmul_bitcast_reduce_f7578b, 12:k_cast_linear_matmul_reduce_76ca05__partial, 13:k_cast_linear_matmul_reduce_76ca05, 14:k_mean_e36245, 15:k_cast_linear_matmul_reduce_de91e0__partial, 16:k_cast_linear_matmul_reduce_de91e0__partial, 17:k_cast_linear_matmul_reduce_de91e0, 18:k_cast_linear_matmul_reduce_de91e0, 19:k_bitcast_cast_linear_matmul_reduce_6cd202, 20:k_bitcast_cast_linear_matmul_reduce_6cd202, 21:k_cast_linear_matmul_reduce_cd9413, 22:k_cast_linear_matmul_reduce_63aae0, 23:k_bitcast_cast_linear_matmul_reduce_0d0c87, 24:k_cast_linear_matmul_reduce_76ca05__partial, 25:k_cast_linear_matmul_reduce_76ca05]
(EngineCore pid=3419082) INFO 2026-08-09 23:11:21,236 emmy.compiler.backend.cuda.program: [cuda] buffer-reuse: scratch slab=0.20 GB (0.23 GB naive, 1.1x) over 24 scratch buf(s)
(EngineCore pid=3419082) INFO 2026-08-09 23:11:21,238 emmy.serving.gen_runner: [gen_runner] compiling layer 25/48 (pre + post + decode)...
(EngineCore pid=3419082) INFO 2026-08-09 23:11:21,240 emmy.compiler.trace.torch: torch.export.export() starting...
(EngineCore pid=3419082) INFO 2026-08-09 23:11:21,250 emmy.compiler.trace.torch: torch.export.export() done in 0.0s (11 retained FX nodes)
(EngineCore pid=3419082) INFO 2026-08-09 23:11:21,250 emmy.compiler.trace.torch: FX→Graph IR walk done in 0.0s (12 IR nodes)
(EngineCore pid=3419082) INFO 2026-08-09 23:11:23,270 emmy.compiler.pipeline: compile: total 2.01s (deterministic resolve)
(EngineCore pid=3419082) INFO 2026-08-09 23:11:23,601 emmy.compiler.backend.cuda.program: [cuda] CompiledProgram.build: 17 launch(es) compile+alloc=0.33s kernels=[0:k_bitcast_cast_pointwise_b18f65, 1:k_bitcast_cast_pointwise_157d6a, 2:k_bitcast_cast_pointwise_b18f65, 3:k_bitcast_cast_pointwise_b18f65, 4:k_cast_linear_matmul_reduce_de91e0__partial, 5:k_cast_linear_matmul_reduce_de91e0__partial, 6:k_bitcast_cast_pointwise_76b6ca, 7:k_bitcast_cast_pointwise_18584b, 8:k_cast_linear_matmul_reduce_de91e0, 9:k_cast_linear_matmul_reduce_de91e0, 10:k_bitcast_cast_linear_matmul_reduce_2a71cc, 11:k_bitcast_cast_linear_matmul_reduce_239df9, 12:k_cast_linear_matmul_reduce_cd9413, 13:k_cast_linear_matmul_reduce_63aae0, 14:k_bitcast_cast_linear_matmul_reduce_0d0c87, 15:k_cast_linear_matmul_reduce_f9f434__partial, 16:k_cast_linear_matmul_reduce_f9f434]
(EngineCore pid=3419082) INFO 2026-08-09 23:11:23,601 emmy.compiler.backend.cuda.program: [cuda] buffer-reuse: scratch slab=0.10 GB (0.11 GB naive, 1.1x) over 16 scratch buf(s)
(EngineCore pid=3419082) INFO 2026-08-09 23:11:23,602 emmy.compiler.trace.torch: torch.export.export() starting...
(EngineCore pid=3419082) INFO 2026-08-09 23:11:23,612 emmy.compiler.trace.torch: torch.export.export() done in 0.0s (11 retained FX nodes)
(EngineCore pid=3419082) INFO 2026-08-09 23:11:23,612 emmy.compiler.trace.torch: FX→Graph IR walk done in 0.0s (12 IR nodes)
(EngineCore pid=3419082) INFO 2026-08-09 23:11:23,620 emmy.compiler.backend.cuda.program: [cuda] CompiledProgram.build: 17 launch(es) compile+alloc=0.00s kernels=[0:k_bitcast_cast_pointwise_b18f65, 1:k_bitcast_cast_pointwise_157d6a, 2:k_bitcast_cast_pointwise_b18f65, 3:k_bitcast_cast_pointwise_b18f65, 4:k_cast_linear_matmul_reduce_de91e0__partial, 5:k_cast_linear_matmul_reduce_de91e0__partial, 6:k_bitcast_cast_pointwise_76b6ca, 7:k_bitcast_cast_pointwise_18584b, 8:k_cast_linear_matmul_reduce_de91e0, 9:k_cast_linear_matmul_reduce_de91e0, 10:k_bitcast_cast_linear_matmul_reduce_2a71cc, 11:k_bitcast_cast_linear_matmul_reduce_239df9, 12:k_cast_linear_matmul_reduce_cd9413, 13:k_cast_linear_matmul_reduce_63aae0, 14:k_bitcast_cast_linear_matmul_reduce_0d0c87, 15:k_cast_linear_matmul_reduce_f9f434__partial, 16:k_cast_linear_matmul_reduce_f9f434]
(EngineCore pid=3419082) INFO 2026-08-09 23:11:23,620 emmy.compiler.backend.cuda.program: [cuda] buffer-reuse: scratch slab=0.10 GB (0.11 GB naive, 1.1x) over 16 scratch buf(s)
(EngineCore pid=3419082) INFO 2026-08-09 23:11:23,620 emmy.compiler.trace.torch: torch.export.export() starting...
(EngineCore pid=3419082) INFO 2026-08-09 23:11:23,629 emmy.compiler.trace.torch: torch.export.export() done in 0.0s (11 retained FX nodes)
(EngineCore pid=3419082) INFO 2026-08-09 23:11:23,629 emmy.compiler.trace.torch: FX→Graph IR walk done in 0.0s (12 IR nodes)
(EngineCore pid=3419082) INFO 2026-08-09 23:11:25,653 emmy.compiler.pipeline: compile: total 2.01s (deterministic resolve)
(EngineCore pid=3419082) INFO 2026-08-09 23:11:25,983 emmy.compiler.backend.cuda.program: [cuda] CompiledProgram.build: 17 launch(es) compile+alloc=0.33s kernels=[0:k_bitcast_cast_pointwise_b18f65, 1:k_bitcast_cast_pointwise_157d6a, 2:k_bitcast_cast_pointwise_b18f65, 3:k_bitcast_cast_pointwise_b18f65, 4:k_cast_linear_matmul_reduce_de91e0__partial, 5:k_cast_linear_matmul_reduce_de91e0__partial, 6:k_bitcast_cast_pointwise_76b6ca, 7:k_bitcast_cast_pointwise_18584b, 8:k_cast_linear_matmul_reduce_de91e0, 9:k_cast_linear_matmul_reduce_de91e0, 10:k_bitcast_cast_linear_matmul_reduce_2a71cc, 11:k_bitcast_cast_linear_matmul_reduce_239df9, 12:k_cast_linear_matmul_reduce_cd9413, 13:k_cast_linear_matmul_reduce_63aae0, 14:k_bitcast_cast_linear_matmul_reduce_0d0c87, 15:k_cast_linear_matmul_reduce_f9f434__partial, 16:k_cast_linear_matmul_reduce_f9f434]
(EngineCore pid=3419082) INFO 2026-08-09 23:11:25,983 emmy.compiler.backend.cuda.program: [cuda] buffer-reuse: scratch slab=0.10 GB (0.11 GB naive, 1.1x) over 16 scratch buf(s)
(EngineCore pid=3419082) INFO 2026-08-09 23:11:25,986 emmy.compiler.backend.cuda.program: [cuda] CompiledProgram.build: 17 launch(es) compile+alloc=0.00s kernels=[0:k_bitcast_cast_pointwise_b18f65, 1:k_bitcast_cast_pointwise_157d6a, 2:k_bitcast_cast_pointwise_b18f65, 3:k_bitcast_cast_pointwise_b18f65, 4:k_cast_linear_matmul_reduce_de91e0__partial, 5:k_cast_linear_matmul_reduce_de91e0__partial, 6:k_bitcast_cast_pointwise_76b6ca, 7:k_bitcast_cast_pointwise_18584b, 8:k_cast_linear_matmul_reduce_de91e0, 9:k_cast_linear_matmul_reduce_de91e0, 10:k_bitcast_cast_linear_matmul_reduce_2a71cc, 11:k_bitcast_cast_linear_matmul_reduce_239df9, 12:k_cast_linear_matmul_reduce_cd9413, 13:k_cast_linear_matmul_reduce_63aae0, 14:k_bitcast_cast_linear_matmul_reduce_0d0c87, 15:k_cast_linear_matmul_reduce_f9f434__partial, 16:k_cast_linear_matmul_reduce_f9f434]
(EngineCore pid=3419082) INFO 2026-08-09 23:11:25,986 emmy.compiler.backend.cuda.program: [cuda] buffer-reuse: scratch slab=0.10 GB (0.11 GB naive, 1.1x) over 16 scratch buf(s)
(EngineCore pid=3419082) INFO 2026-08-09 23:11:25,988 emmy.compiler.backend.cuda.program: [cuda] CompiledProgram.build: 17 launch(es) compile+alloc=0.00s kernels=[0:k_bitcast_cast_pointwise_b18f65, 1:k_bitcast_cast_pointwise_157d6a, 2:k_bitcast_cast_pointwise_b18f65, 3:k_bitcast_cast_pointwise_b18f65, 4:k_cast_linear_matmul_reduce_de91e0__partial, 5:k_cast_linear_matmul_reduce_de91e0__partial, 6:k_bitcast_cast_pointwise_76b6ca, 7:k_bitcast_cast_pointwise_18584b, 8:k_cast_linear_matmul_reduce_de91e0, 9:k_cast_linear_matmul_reduce_de91e0, 10:k_bitcast_cast_linear_matmul_reduce_2a71cc, 11:k_bitcast_cast_linear_matmul_reduce_239df9, 12:k_cast_linear_matmul_reduce_cd9413, 13:k_cast_linear_matmul_reduce_63aae0, 14:k_bitcast_cast_linear_matmul_reduce_0d0c87, 15:k_cast_linear_matmul_reduce_f9f434__partial, 16:k_cast_linear_matmul_reduce_f9f434]
(EngineCore pid=3419082) INFO 2026-08-09 23:11:25,988 emmy.compiler.backend.cuda.program: [cuda] buffer-reuse: scratch slab=0.10 GB (0.11 GB naive, 1.1x) over 16 scratch buf(s)
(EngineCore pid=3419082) INFO 2026-08-09 23:11:25,989 emmy.compiler.backend.cuda.program: [cuda] CompiledProgram.build: 17 launch(es) compile+alloc=0.00s kernels=[0:k_bitcast_cast_pointwise_b18f65, 1:k_bitcast_cast_pointwise_157d6a, 2:k_bitcast_cast_pointwise_b18f65, 3:k_bitcast_cast_pointwise_b18f65, 4:k_cast_linear_matmul_reduce_de91e0__partial, 5:k_cast_linear_matmul_reduce_de91e0__partial, 6:k_bitcast_cast_pointwise_76b6ca, 7:k_bitcast_cast_pointwise_18584b, 8:k_cast_linear_matmul_reduce_de91e0, 9:k_cast_linear_matmul_reduce_de91e0, 10:k_bitcast_cast_linear_matmul_reduce_2a71cc, 11:k_bitcast_cast_linear_matmul_reduce_239df9, 12:k_cast_linear_matmul_reduce_cd9413, 13:k_cast_linear_matmul_reduce_63aae0, 14:k_bitcast_cast_linear_matmul_reduce_0d0c87, 15:k_cast_linear_matmul_reduce_f9f434__partial, 16:k_cast_linear_matmul_reduce_f9f434]
(EngineCore pid=3419082) INFO 2026-08-09 23:11:25,989 emmy.compiler.backend.cuda.program: [cuda] buffer-reuse: scratch slab=0.10 GB (0.11 GB naive, 1.1x) over 16 scratch buf(s)
(EngineCore pid=3419082) INFO 2026-08-09 23:11:25,990 emmy.compiler.backend.cuda.program: [cuda] CompiledProgram.build: 17 launch(es) compile+alloc=0.00s kernels=[0:k_bitcast_cast_pointwise_b18f65, 1:k_bitcast_cast_pointwise_157d6a, 2:k_bitcast_cast_pointwise_b18f65, 3:k_bitcast_cast_pointwise_b18f65, 4:k_cast_linear_matmul_reduce_de91e0__partial, 5:k_cast_linear_matmul_reduce_de91e0__partial, 6:k_bitcast_cast_pointwise_76b6ca, 7:k_bitcast_cast_pointwise_18584b, 8:k_cast_linear_matmul_reduce_de91e0, 9:k_cast_linear_matmul_reduce_de91e0, 10:k_bitcast_cast_linear_matmul_reduce_2a71cc, 11:k_bitcast_cast_linear_matmul_reduce_239df9, 12:k_cast_linear_matmul_reduce_cd9413, 13:k_cast_linear_matmul_reduce_63aae0, 14:k_bitcast_cast_linear_matmul_reduce_0d0c87, 15:k_cast_linear_matmul_reduce_f9f434__partial, 16:k_cast_linear_matmul_reduce_f9f434]
(EngineCore pid=3419082) INFO 2026-08-09 23:11:25,990 emmy.compiler.backend.cuda.program: [cuda] buffer-reuse: scratch slab=0.10 GB (0.11 GB naive, 1.1x) over 16 scratch buf(s)
(EngineCore pid=3419082) INFO 2026-08-09 23:11:25,991 emmy.compiler.backend.cuda.program: [cuda] CompiledProgram.build: 17 launch(es) compile+alloc=0.00s kernels=[0:k_bitcast_cast_pointwise_b18f65, 1:k_bitcast_cast_pointwise_157d6a, 2:k_bitcast_cast_pointwise_b18f65, 3:k_bitcast_cast_pointwise_b18f65, 4:k_cast_linear_matmul_reduce_de91e0__partial, 5:k_cast_linear_matmul_reduce_de91e0__partial, 6:k_bitcast_cast_pointwise_76b6ca, 7:k_bitcast_cast_pointwise_18584b, 8:k_cast_linear_matmul_reduce_de91e0, 9:k_cast_linear_matmul_reduce_de91e0, 10:k_bitcast_cast_linear_matmul_reduce_2a71cc, 11:k_bitcast_cast_linear_matmul_reduce_239df9, 12:k_cast_linear_matmul_reduce_cd9413, 13:k_cast_linear_matmul_reduce_63aae0, 14:k_bitcast_cast_linear_matmul_reduce_0d0c87, 15:k_cast_linear_matmul_reduce_f9f434__partial, 16:k_cast_linear_matmul_reduce_f9f434]
(EngineCore pid=3419082) INFO 2026-08-09 23:11:25,991 emmy.compiler.backend.cuda.program: [cuda] buffer-reuse: scratch slab=0.10 GB (0.11 GB naive, 1.1x) over 16 scratch buf(s)
(EngineCore pid=3419082) INFO 2026-08-09 23:11:25,992 emmy.compiler.backend.cuda.program: [cuda] CompiledProgram.build: 17 launch(es) compile+alloc=0.00s kernels=[0:k_bitcast_cast_pointwise_b18f65, 1:k_bitcast_cast_pointwise_157d6a, 2:k_bitcast_cast_pointwise_b18f65, 3:k_bitcast_cast_pointwise_b18f65, 4:k_cast_linear_matmul_reduce_de91e0__partial, 5:k_cast_linear_matmul_reduce_de91e0__partial, 6:k_bitcast_cast_pointwise_76b6ca, 7:k_bitcast_cast_pointwise_18584b, 8:k_cast_linear_matmul_reduce_de91e0, 9:k_cast_linear_matmul_reduce_de91e0, 10:k_bitcast_cast_linear_matmul_reduce_2a71cc, 11:k_bitcast_cast_linear_matmul_reduce_239df9, 12:k_cast_linear_matmul_reduce_cd9413, 13:k_cast_linear_matmul_reduce_63aae0, 14:k_bitcast_cast_linear_matmul_reduce_0d0c87, 15:k_cast_linear_matmul_reduce_f9f434__partial, 16:k_cast_linear_matmul_reduce_f9f434]
(EngineCore pid=3419082) INFO 2026-08-09 23:11:25,992 emmy.compiler.backend.cuda.program: [cuda] buffer-reuse: scratch slab=0.10 GB (0.11 GB naive, 1.1x) over 16 scratch buf(s)
(EngineCore pid=3419082) INFO 2026-08-09 23:11:25,994 emmy.compiler.backend.cuda.program: [cuda] CompiledProgram.build: 17 launch(es) compile+alloc=0.00s kernels=[0:k_bitcast_cast_pointwise_b18f65, 1:k_bitcast_cast_pointwise_157d6a, 2:k_bitcast_cast_pointwise_b18f65, 3:k_bitcast_cast_pointwise_b18f65, 4:k_cast_linear_matmul_reduce_de91e0__partial, 5:k_cast_linear_matmul_reduce_de91e0__partial, 6:k_bitcast_cast_pointwise_76b6ca, 7:k_bitcast_cast_pointwise_18584b, 8:k_cast_linear_matmul_reduce_de91e0, 9:k_cast_linear_matmul_reduce_de91e0, 10:k_bitcast_cast_linear_matmul_reduce_2a71cc, 11:k_bitcast_cast_linear_matmul_reduce_239df9, 12:k_cast_linear_matmul_reduce_cd9413, 13:k_cast_linear_matmul_reduce_63aae0, 14:k_bitcast_cast_linear_matmul_reduce_0d0c87, 15:k_cast_linear_matmul_reduce_f9f434__partial, 16:k_cast_linear_matmul_reduce_f9f434]
(EngineCore pid=3419082) INFO 2026-08-09 23:11:25,994 emmy.compiler.backend.cuda.program: [cuda] buffer-reuse: scratch slab=0.10 GB (0.11 GB naive, 1.1x) over 16 scratch buf(s)
(EngineCore pid=3419082) INFO 2026-08-09 23:11:25,995 emmy.compiler.backend.cuda.program: [cuda] CompiledProgram.build: 17 launch(es) compile+alloc=0.00s kernels=[0:k_bitcast_cast_pointwise_b18f65, 1:k_bitcast_cast_pointwise_157d6a, 2:k_bitcast_cast_pointwise_b18f65, 3:k_bitcast_cast_pointwise_b18f65, 4:k_cast_linear_matmul_reduce_de91e0__partial, 5:k_cast_linear_matmul_reduce_de91e0__partial, 6:k_bitcast_cast_pointwise_76b6ca, 7:k_bitcast_cast_pointwise_18584b, 8:k_cast_linear_matmul_reduce_de91e0, 9:k_cast_linear_matmul_reduce_de91e0, 10:k_bitcast_cast_linear_matmul_reduce_2a71cc, 11:k_bitcast_cast_linear_matmul_reduce_239df9, 12:k_cast_linear_matmul_reduce_cd9413, 13:k_cast_linear_matmul_reduce_63aae0, 14:k_bitcast_cast_linear_matmul_reduce_0d0c87, 15:k_cast_linear_matmul_reduce_f9f434__partial, 16:k_cast_linear_matmul_reduce_f9f434]
(EngineCore pid=3419082) INFO 2026-08-09 23:11:25,995 emmy.compiler.backend.cuda.program: [cuda] buffer-reuse: scratch slab=0.10 GB (0.11 GB naive, 1.1x) over 16 scratch buf(s)
(EngineCore pid=3419082) INFO 2026-08-09 23:11:25,996 emmy.compiler.backend.cuda.program: [cuda] CompiledProgram.build: 17 launch(es) compile+alloc=0.00s kernels=[0:k_bitcast_cast_pointwise_b18f65, 1:k_bitcast_cast_pointwise_157d6a, 2:k_bitcast_cast_pointwise_b18f65, 3:k_bitcast_cast_pointwise_b18f65, 4:k_cast_linear_matmul_reduce_de91e0__partial, 5:k_cast_linear_matmul_reduce_de91e0__partial, 6:k_bitcast_cast_pointwise_76b6ca, 7:k_bitcast_cast_pointwise_18584b, 8:k_cast_linear_matmul_reduce_de91e0, 9:k_cast_linear_matmul_reduce_de91e0, 10:k_bitcast_cast_linear_matmul_reduce_2a71cc, 11:k_bitcast_cast_linear_matmul_reduce_239df9, 12:k_cast_linear_matmul_reduce_cd9413, 13:k_cast_linear_matmul_reduce_63aae0, 14:k_bitcast_cast_linear_matmul_reduce_0d0c87, 15:k_cast_linear_matmul_reduce_f9f434__partial, 16:k_cast_linear_matmul_reduce_f9f434]
(EngineCore pid=3419082) INFO 2026-08-09 23:11:25,996 emmy.compiler.backend.cuda.program: [cuda] buffer-reuse: scratch slab=0.10 GB (0.11 GB naive, 1.1x) over 16 scratch buf(s)
(EngineCore pid=3419082) INFO 2026-08-09 23:11:25,996 emmy.compiler.trace.torch: torch.export.export() starting...
(EngineCore pid=3419082) INFO 2026-08-09 23:11:26,019 emmy.compiler.trace.torch: torch.export.export() done in 0.0s (41 retained FX nodes, pruned 6 dead)
(EngineCore pid=3419082) INFO 2026-08-09 23:11:26,021 emmy.compiler.trace.torch: FX→Graph IR walk done in 0.0s (58 IR nodes)
(EngineCore pid=3419082) INFO 2026-08-09 23:11:26,513 emmy.compiler.loader.quant: spelled 3 coded weight constant(s) from /home/dikobraz/Models/Laguna-S-2.1-exl3-1.98bpw
(EngineCore pid=3419082) INFO 2026-08-09 23:11:27,061 emmy.compiler.backend.cuda.program: [cuda] CompiledProgram.build: 17 launch(es) compile+alloc=0.00s kernels=[0:k_mean_e36245, 1:k_cast_linear_matmul_reduce_de91e0__partial, 2:k_cast_linear_matmul_reduce_de91e0__partial, 3:k_cast_linear_matmul_reduce_de91e0__partial, 4:k_cast_linear_matmul_reduce_de91e0, 5:k_cast_linear_matmul_reduce_de91e0, 6:k_cast_linear_matmul_reduce_de91e0, 7:k_bitcast_cast_linear_matmul_reduce_a98486, 8:k_bitcast_cast_linear_matmul_reduce_18d77e, 9:k_bitcast_cast_linear_matmul_reduce_5b63ae, 10:k_cast_linear_matmul_reduce_cf207b__partial, 11:k_cast_linear_matmul_reduce_369764, 12:k_cast_linear_matmul_reduce_d73f75__partial, 13:k_cast_linear_matmul_reduce_cf207b, 14:k_cast_linear_matmul_reduce_d73f75, 15:k_mean_e22c85, 16:k_mean_fb3667]
(EngineCore pid=3419082) INFO 2026-08-09 23:11:27,061 emmy.compiler.backend.cuda.program: [cuda] buffer-reuse: scratch slab=0.00 GB (0.00 GB naive, 1.8x) over 14 scratch buf(s)
(EngineCore pid=3419082) INFO 2026-08-09 23:11:27,062 emmy.compiler.trace.torch: torch.export.export() starting...
(EngineCore pid=3419082) INFO 2026-08-09 23:11:27,086 emmy.compiler.trace.torch: torch.export.export() done in 0.0s (42 retained FX nodes, pruned 6 dead)
(EngineCore pid=3419082) INFO 2026-08-09 23:11:27,087 emmy.compiler.trace.torch: FX→Graph IR walk done in 0.0s (55 IR nodes)
(EngineCore pid=3419082) INFO 2026-08-09 23:11:27,579 emmy.compiler.loader.quant: spelled 4 coded weight constant(s) from /home/dikobraz/Models/Laguna-S-2.1-exl3-1.98bpw
(EngineCore pid=3419082) INFO 2026-08-09 23:11:28,129 emmy.compiler.backend.cuda.program: [cuda] CompiledProgram.build: 26 launch(es) compile+alloc=0.00s kernels=[0:k_bitcast_cast_pointwise_bd0953, 1:k_bitcast_cast_pointwise_b18f65, 2:k_bitcast_cast_pointwise_b18f65, 3:k_bitcast_cast_pointwise_b18f65, 4:k_bitcast_cast_pointwise_157d6a, 5:k_linear_mean_reduce_5e93f3, 6:k_bitcast_cast_pointwise_8967e6, 7:k_bitcast_cast_pointwise_76b6ca, 8:k_bitcast_cast_pointwise_c08dac, 9:k_cast_linear_matmul_reduce_a825dd__partial, 10:k_cast_linear_matmul_reduce_a825dd, 11:k_cast_linear_matmul_bitcast_reduce_a91b88, 12:k_cast_linear_matmul_reduce_76ca05__partial, 13:k_cast_linear_matmul_reduce_76ca05, 14:k_mean_e36245, 15:k_cast_linear_matmul_reduce_de91e0__partial, 16:k_cast_linear_matmul_reduce_de91e0__partial, 17:k_cast_linear_matmul_reduce_de91e0, 18:k_cast_linear_matmul_reduce_de91e0, 19:k_bitcast_cast_linear_matmul_reduce_6cd202, 20:k_bitcast_cast_linear_matmul_reduce_6cd202, 21:k_cast_linear_matmul_reduce_cd9413, 22:k_cast_linear_matmul_reduce_63aae0, 23:k_bitcast_cast_linear_matmul_reduce_0d0c87, 24:k_cast_linear_matmul_reduce_76ca05__partial, 25:k_cast_linear_matmul_reduce_76ca05]
(EngineCore pid=3419082) INFO 2026-08-09 23:11:28,129 emmy.compiler.backend.cuda.program: [cuda] buffer-reuse: scratch slab=0.16 GB (0.19 GB naive, 1.2x) over 24 scratch buf(s)
(EngineCore pid=3419082) INFO 2026-08-09 23:11:28,130 emmy.serving.gen_runner: [gen_runner] compiling layer 26/48 (pre + post + decode)...
(EngineCore pid=3419082) INFO 2026-08-09 23:11:28,131 emmy.compiler.trace.torch: torch.export.export() starting...
(EngineCore pid=3419082) INFO 2026-08-09 23:11:28,154 emmy.compiler.trace.torch: torch.export.export() done in 0.0s (41 retained FX nodes, pruned 6 dead)
(EngineCore pid=3419082) INFO 2026-08-09 23:11:28,155 emmy.compiler.trace.torch: FX→Graph IR walk done in 0.0s (58 IR nodes)
(EngineCore pid=3419082) INFO 2026-08-09 23:11:28,636 emmy.compiler.loader.quant: spelled 3 coded weight constant(s) from /home/dikobraz/Models/Laguna-S-2.1-exl3-1.98bpw
(EngineCore pid=3419082) INFO 2026-08-09 23:11:29,181 emmy.compiler.backend.cuda.program: [cuda] CompiledProgram.build: 17 launch(es) compile+alloc=0.00s kernels=[0:k_mean_e36245, 1:k_cast_linear_matmul_reduce_de91e0__partial, 2:k_cast_linear_matmul_reduce_de91e0__partial, 3:k_cast_linear_matmul_reduce_de91e0__partial, 4:k_cast_linear_matmul_reduce_de91e0, 5:k_cast_linear_matmul_reduce_de91e0, 6:k_cast_linear_matmul_reduce_de91e0, 7:k_bitcast_cast_linear_matmul_reduce_a98486, 8:k_bitcast_cast_linear_matmul_reduce_18d77e, 9:k_bitcast_cast_linear_matmul_reduce_67fa5b, 10:k_cast_linear_matmul_reduce_cf207b__partial, 11:k_cast_linear_matmul_reduce_369764, 12:k_cast_linear_matmul_reduce_b5b17f__partial, 13:k_cast_linear_matmul_reduce_cf207b, 14:k_cast_linear_matmul_reduce_b5b17f, 15:k_mean_e22c85, 16:k_mean_c73f3f]
(EngineCore pid=3419082) INFO 2026-08-09 23:11:29,181 emmy.compiler.backend.cuda.program: [cuda] buffer-reuse: scratch slab=0.00 GB (0.00 GB naive, 1.6x) over 14 scratch buf(s)
(EngineCore pid=3419082) INFO 2026-08-09 23:11:29,182 emmy.compiler.trace.torch: torch.export.export() starting...
(EngineCore pid=3419082) INFO 2026-08-09 23:11:29,206 emmy.compiler.trace.torch: torch.export.export() done in 0.0s (42 retained FX nodes, pruned 6 dead)
(EngineCore pid=3419082) INFO 2026-08-09 23:11:29,207 emmy.compiler.trace.torch: FX→Graph IR walk done in 0.0s (55 IR nodes)
(EngineCore pid=3419082) INFO 2026-08-09 23:11:30,030 emmy.compiler.loader.quant: spelled 4 coded weight constant(s) from /home/dikobraz/Models/Laguna-S-2.1-exl3-1.98bpw
(EngineCore pid=3419082) INFO 2026-08-09 23:11:30,608 emmy.compiler.backend.cuda.program: [cuda] CompiledProgram.build: 26 launch(es) compile+alloc=0.00s kernels=[0:k_bitcast_cast_pointwise_531ded, 1:k_bitcast_cast_pointwise_b18f65, 2:k_bitcast_cast_pointwise_b18f65, 3:k_bitcast_cast_pointwise_b18f65, 4:k_bitcast_cast_pointwise_157d6a, 5:k_linear_mean_reduce_140e4d, 6:k_bitcast_cast_pointwise_2fe005, 7:k_bitcast_cast_pointwise_76b6ca, 8:k_bitcast_cast_pointwise_c08dac, 9:k_cast_linear_matmul_reduce_c7b234__partial, 10:k_cast_linear_matmul_reduce_c7b234, 11:k_cast_linear_matmul_bitcast_reduce_f7578b, 12:k_cast_linear_matmul_reduce_76ca05__partial, 13:k_cast_linear_matmul_reduce_76ca05, 14:k_mean_e36245, 15:k_cast_linear_matmul_reduce_de91e0__partial, 16:k_cast_linear_matmul_reduce_de91e0__partial, 17:k_cast_linear_matmul_reduce_de91e0, 18:k_cast_linear_matmul_reduce_de91e0, 19:k_bitcast_cast_linear_matmul_reduce_6cd202, 20:k_bitcast_cast_linear_matmul_reduce_6cd202, 21:k_cast_linear_matmul_reduce_cd9413, 22:k_cast_linear_matmul_reduce_63aae0, 23:k_bitcast_cast_linear_matmul_reduce_0d0c87, 24:k_cast_linear_matmul_reduce_76ca05__partial, 25:k_cast_linear_matmul_reduce_76ca05]
(EngineCore pid=3419082) INFO 2026-08-09 23:11:30,608 emmy.compiler.backend.cuda.program: [cuda] buffer-reuse: scratch slab=0.20 GB (0.23 GB naive, 1.1x) over 24 scratch buf(s)
(EngineCore pid=3419082) INFO 2026-08-09 23:11:30,609 emmy.serving.gen_runner: [gen_runner] compiling layer 27/48 (pre + post + decode)...
(EngineCore pid=3419082) INFO 2026-08-09 23:11:30,610 emmy.compiler.trace.torch: torch.export.export() starting...
(EngineCore pid=3419082) INFO 2026-08-09 23:11:30,633 emmy.compiler.trace.torch: torch.export.export() done in 0.0s (41 retained FX nodes, pruned 6 dead)
(EngineCore pid=3419082) INFO 2026-08-09 23:11:30,634 emmy.compiler.trace.torch: FX→Graph IR walk done in 0.0s (58 IR nodes)
(EngineCore pid=3419082) INFO 2026-08-09 23:11:30,799 emmy.compiler.loader.quant: spelled 3 coded weight constant(s) from /home/dikobraz/Models/Laguna-S-2.1-exl3-1.98bpw
(EngineCore pid=3419082) INFO 2026-08-09 23:11:31,694 emmy.compiler.backend.cuda.program: [cuda] CompiledProgram.build: 17 launch(es) compile+alloc=0.00s kernels=[0:k_mean_e36245, 1:k_cast_linear_matmul_reduce_de91e0__partial, 2:k_cast_linear_matmul_reduce_de91e0__partial, 3:k_cast_linear_matmul_reduce_de91e0__partial, 4:k_cast_linear_matmul_reduce_de91e0, 5:k_cast_linear_matmul_reduce_de91e0, 6:k_cast_linear_matmul_reduce_de91e0, 7:k_bitcast_cast_linear_matmul_reduce_a98486, 8:k_bitcast_cast_linear_matmul_reduce_18d77e, 9:k_bitcast_cast_linear_matmul_reduce_67fa5b, 10:k_cast_linear_matmul_reduce_cf207b__partial, 11:k_cast_linear_matmul_reduce_369764, 12:k_cast_linear_matmul_reduce_b5b17f__partial, 13:k_cast_linear_matmul_reduce_cf207b, 14:k_cast_linear_matmul_reduce_b5b17f, 15:k_mean_e22c85, 16:k_mean_c73f3f]
(EngineCore pid=3419082) INFO 2026-08-09 23:11:31,694 emmy.compiler.backend.cuda.program: [cuda] buffer-reuse: scratch slab=0.00 GB (0.00 GB naive, 1.6x) over 14 scratch buf(s)
(EngineCore pid=3419082) INFO 2026-08-09 23:11:31,695 emmy.compiler.trace.torch: torch.export.export() starting...
(EngineCore pid=3419082) INFO 2026-08-09 23:11:31,719 emmy.compiler.trace.torch: torch.export.export() done in 0.0s (42 retained FX nodes, pruned 6 dead)
(EngineCore pid=3419082) INFO 2026-08-09 23:11:31,720 emmy.compiler.trace.torch: FX→Graph IR walk done in 0.0s (55 IR nodes)
(EngineCore pid=3419082) INFO 2026-08-09 23:11:31,885 emmy.compiler.loader.quant: spelled 4 coded weight constant(s) from /home/dikobraz/Models/Laguna-S-2.1-exl3-1.98bpw
(EngineCore pid=3419082) INFO 2026-08-09 23:11:32,770 emmy.compiler.backend.cuda.program: [cuda] CompiledProgram.build: 26 launch(es) compile+alloc=0.00s kernels=[0:k_bitcast_cast_pointwise_531ded, 1:k_bitcast_cast_pointwise_b18f65, 2:k_bitcast_cast_pointwise_b18f65, 3:k_bitcast_cast_pointwise_b18f65, 4:k_bitcast_cast_pointwise_157d6a, 5:k_linear_mean_reduce_140e4d, 6:k_bitcast_cast_pointwise_2fe005, 7:k_bitcast_cast_pointwise_76b6ca, 8:k_bitcast_cast_pointwise_c08dac, 9:k_cast_linear_matmul_reduce_c7b234__partial, 10:k_cast_linear_matmul_reduce_c7b234, 11:k_cast_linear_matmul_bitcast_reduce_f7578b, 12:k_cast_linear_matmul_reduce_76ca05__partial, 13:k_cast_linear_matmul_reduce_76ca05, 14:k_mean_e36245, 15:k_cast_linear_matmul_reduce_de91e0__partial, 16:k_cast_linear_matmul_reduce_de91e0__partial, 17:k_cast_linear_matmul_reduce_de91e0, 18:k_cast_linear_matmul_reduce_de91e0, 19:k_bitcast_cast_linear_matmul_reduce_6cd202, 20:k_bitcast_cast_linear_matmul_reduce_6cd202, 21:k_cast_linear_matmul_reduce_cd9413, 22:k_cast_linear_matmul_reduce_63aae0, 23:k_bitcast_cast_linear_matmul_reduce_0d0c87, 24:k_cast_linear_matmul_reduce_76ca05__partial, 25:k_cast_linear_matmul_reduce_76ca05]
(EngineCore pid=3419082) INFO 2026-08-09 23:11:32,770 emmy.compiler.backend.cuda.program: [cuda] buffer-reuse: scratch slab=0.20 GB (0.23 GB naive, 1.1x) over 24 scratch buf(s)
(EngineCore pid=3419082) INFO 2026-08-09 23:11:32,771 emmy.serving.gen_runner: [gen_runner] compiling layer 28/48 (pre + post + decode)...
(EngineCore pid=3419082) INFO 2026-08-09 23:11:32,773 emmy.compiler.trace.torch: torch.export.export() starting...
(EngineCore pid=3419082) INFO 2026-08-09 23:11:32,796 emmy.compiler.trace.torch: torch.export.export() done in 0.0s (41 retained FX nodes, pruned 6 dead)
(EngineCore pid=3419082) INFO 2026-08-09 23:11:32,797 emmy.compiler.trace.torch: FX→Graph IR walk done in 0.0s (58 IR nodes)
(EngineCore pid=3419082) INFO 2026-08-09 23:11:33,312 emmy.compiler.loader.quant: spelled 3 coded weight constant(s) from /home/dikobraz/Models/Laguna-S-2.1-exl3-1.98bpw
(EngineCore pid=3419082) INFO 2026-08-09 23:11:33,533 emmy.compiler.backend.cuda.program: [cuda] CompiledProgram.build: 17 launch(es) compile+alloc=0.00s kernels=[0:k_mean_e36245, 1:k_cast_linear_matmul_reduce_de91e0__partial, 2:k_cast_linear_matmul_reduce_de91e0__partial, 3:k_cast_linear_matmul_reduce_de91e0__partial, 4:k_cast_linear_matmul_reduce_de91e0, 5:k_cast_linear_matmul_reduce_de91e0, 6:k_cast_linear_matmul_reduce_de91e0, 7:k_bitcast_cast_linear_matmul_reduce_a98486, 8:k_bitcast_cast_linear_matmul_reduce_18d77e, 9:k_bitcast_cast_linear_matmul_reduce_67fa5b, 10:k_cast_linear_matmul_reduce_cf207b__partial, 11:k_cast_linear_matmul_reduce_369764, 12:k_cast_linear_matmul_reduce_b5b17f__partial, 13:k_cast_linear_matmul_reduce_cf207b, 14:k_cast_linear_matmul_reduce_b5b17f, 15:k_mean_e22c85, 16:k_mean_c73f3f]
(EngineCore pid=3419082) INFO 2026-08-09 23:11:33,533 emmy.compiler.backend.cuda.program: [cuda] buffer-reuse: scratch slab=0.00 GB (0.00 GB naive, 1.6x) over 14 scratch buf(s)
(EngineCore pid=3419082) INFO 2026-08-09 23:11:33,534 emmy.compiler.trace.torch: torch.export.export() starting...
(EngineCore pid=3419082) INFO 2026-08-09 23:11:33,558 emmy.compiler.trace.torch: torch.export.export() done in 0.0s (42 retained FX nodes, pruned 6 dead)
(EngineCore pid=3419082) INFO 2026-08-09 23:11:33,559 emmy.compiler.trace.torch: FX→Graph IR walk done in 0.0s (55 IR nodes)
(EngineCore pid=3419082) INFO 2026-08-09 23:11:34,382 emmy.compiler.loader.quant: spelled 4 coded weight constant(s) from /home/dikobraz/Models/Laguna-S-2.1-exl3-1.98bpw
(EngineCore pid=3419082) INFO 2026-08-09 23:11:34,958 emmy.compiler.backend.cuda.program: [cuda] CompiledProgram.build: 26 launch(es) compile+alloc=0.00s kernels=[0:k_bitcast_cast_pointwise_531ded, 1:k_bitcast_cast_pointwise_b18f65, 2:k_bitcast_cast_pointwise_b18f65, 3:k_bitcast_cast_pointwise_b18f65, 4:k_bitcast_cast_pointwise_157d6a, 5:k_linear_mean_reduce_140e4d, 6:k_bitcast_cast_pointwise_2fe005, 7:k_bitcast_cast_pointwise_76b6ca, 8:k_bitcast_cast_pointwise_c08dac, 9:k_cast_linear_matmul_reduce_c7b234__partial, 10:k_cast_linear_matmul_reduce_c7b234, 11:k_cast_linear_matmul_bitcast_reduce_f7578b, 12:k_cast_linear_matmul_reduce_76ca05__partial, 13:k_cast_linear_matmul_reduce_76ca05, 14:k_mean_e36245, 15:k_cast_linear_matmul_reduce_de91e0__partial, 16:k_cast_linear_matmul_reduce_de91e0__partial, 17:k_cast_linear_matmul_reduce_de91e0, 18:k_cast_linear_matmul_reduce_de91e0, 19:k_bitcast_cast_linear_matmul_reduce_6cd202, 20:k_bitcast_cast_linear_matmul_reduce_6cd202, 21:k_cast_linear_matmul_reduce_cd9413, 22:k_cast_linear_matmul_reduce_63aae0, 23:k_bitcast_cast_linear_matmul_reduce_0d0c87, 24:k_cast_linear_matmul_reduce_76ca05__partial, 25:k_cast_linear_matmul_reduce_76ca05]
(EngineCore pid=3419082) INFO 2026-08-09 23:11:34,958 emmy.compiler.backend.cuda.program: [cuda] buffer-reuse: scratch slab=0.20 GB (0.23 GB naive, 1.1x) over 24 scratch buf(s)
(EngineCore pid=3419082) INFO 2026-08-09 23:11:34,959 emmy.serving.gen_runner: [gen_runner] compiling layer 29/48 (pre + post + decode)...
(EngineCore pid=3419082) INFO 2026-08-09 23:11:34,960 emmy.compiler.trace.torch: torch.export.export() starting...
(EngineCore pid=3419082) INFO 2026-08-09 23:11:34,984 emmy.compiler.trace.torch: torch.export.export() done in 0.0s (41 retained FX nodes, pruned 6 dead)
(EngineCore pid=3419082) INFO 2026-08-09 23:11:34,985 emmy.compiler.trace.torch: FX→Graph IR walk done in 0.0s (58 IR nodes)
(EngineCore pid=3419082) INFO 2026-08-09 23:11:35,149 emmy.compiler.loader.quant: spelled 3 coded weight constant(s) from /home/dikobraz/Models/Laguna-S-2.1-exl3-1.98bpw
(EngineCore pid=3419082) INFO 2026-08-09 23:11:36,032 emmy.compiler.backend.cuda.program: [cuda] CompiledProgram.build: 17 launch(es) compile+alloc=0.00s kernels=[0:k_mean_e36245, 1:k_cast_linear_matmul_reduce_de91e0__partial, 2:k_cast_linear_matmul_reduce_de91e0__partial, 3:k_cast_linear_matmul_reduce_de91e0__partial, 4:k_cast_linear_matmul_reduce_de91e0, 5:k_cast_linear_matmul_reduce_de91e0, 6:k_cast_linear_matmul_reduce_de91e0, 7:k_bitcast_cast_linear_matmul_reduce_a98486, 8:k_bitcast_cast_linear_matmul_reduce_18d77e, 9:k_bitcast_cast_linear_matmul_reduce_5b63ae, 10:k_cast_linear_matmul_reduce_cf207b__partial, 11:k_cast_linear_matmul_reduce_369764, 12:k_cast_linear_matmul_reduce_d73f75__partial, 13:k_cast_linear_matmul_reduce_cf207b, 14:k_cast_linear_matmul_reduce_d73f75, 15:k_mean_e22c85, 16:k_mean_fb3667]
(EngineCore pid=3419082) INFO 2026-08-09 23:11:36,032 emmy.compiler.backend.cuda.program: [cuda] buffer-reuse: scratch slab=0.00 GB (0.00 GB naive, 1.8x) over 14 scratch buf(s)
(EngineCore pid=3419082) INFO 2026-08-09 23:11:36,033 emmy.compiler.trace.torch: torch.export.export() starting...
(EngineCore pid=3419082) INFO 2026-08-09 23:11:36,057 emmy.compiler.trace.torch: torch.export.export() done in 0.0s (42 retained FX nodes, pruned 6 dead)
(EngineCore pid=3419082) INFO 2026-08-09 23:11:36,058 emmy.compiler.trace.torch: FX→Graph IR walk done in 0.0s (55 IR nodes)
(EngineCore pid=3419082) INFO 2026-08-09 23:11:36,225 emmy.compiler.loader.quant: spelled 4 coded weight constant(s) from /home/dikobraz/Models/Laguna-S-2.1-exl3-1.98bpw
(EngineCore pid=3419082) INFO 2026-08-09 23:11:37,110 emmy.compiler.backend.cuda.program: [cuda] CompiledProgram.build: 26 launch(es) compile+alloc=0.00s kernels=[0:k_bitcast_cast_pointwise_bd0953, 1:k_bitcast_cast_pointwise_b18f65, 2:k_bitcast_cast_pointwise_b18f65, 3:k_bitcast_cast_pointwise_b18f65, 4:k_bitcast_cast_pointwise_157d6a, 5:k_linear_mean_reduce_5e93f3, 6:k_bitcast_cast_pointwise_8967e6, 7:k_bitcast_cast_pointwise_76b6ca, 8:k_bitcast_cast_pointwise_c08dac, 9:k_cast_linear_matmul_reduce_a825dd__partial, 10:k_cast_linear_matmul_reduce_a825dd, 11:k_cast_linear_matmul_bitcast_reduce_a91b88, 12:k_cast_linear_matmul_reduce_76ca05__partial, 13:k_cast_linear_matmul_reduce_76ca05, 14:k_mean_e36245, 15:k_cast_linear_matmul_reduce_de91e0__partial, 16:k_cast_linear_matmul_reduce_de91e0__partial, 17:k_cast_linear_matmul_reduce_de91e0, 18:k_cast_linear_matmul_reduce_de91e0, 19:k_bitcast_cast_linear_matmul_reduce_6cd202, 20:k_bitcast_cast_linear_matmul_reduce_6cd202, 21:k_cast_linear_matmul_reduce_cd9413, 22:k_cast_linear_matmul_reduce_63aae0, 23:k_bitcast_cast_linear_matmul_reduce_0d0c87, 24:k_cast_linear_matmul_reduce_76ca05__partial, 25:k_cast_linear_matmul_reduce_76ca05]
(EngineCore pid=3419082) INFO 2026-08-09 23:11:37,110 emmy.compiler.backend.cuda.program: [cuda] buffer-reuse: scratch slab=0.16 GB (0.19 GB naive, 1.2x) over 24 scratch buf(s)
(EngineCore pid=3419082) INFO 2026-08-09 23:11:37,111 emmy.serving.gen_runner: [gen_runner] compiling layer 30/48 (pre + post + decode)...
(EngineCore pid=3419082) INFO 2026-08-09 23:11:37,112 emmy.compiler.trace.torch: torch.export.export() starting...
(EngineCore pid=3419082) INFO 2026-08-09 23:11:37,135 emmy.compiler.trace.torch: torch.export.export() done in 0.0s (41 retained FX nodes, pruned 6 dead)
(EngineCore pid=3419082) INFO 2026-08-09 23:11:37,136 emmy.compiler.trace.torch: FX→Graph IR walk done in 0.0s (58 IR nodes)
(EngineCore pid=3419082) INFO 2026-08-09 23:11:37,647 emmy.compiler.loader.quant: spelled 3 coded weight constant(s) from /home/dikobraz/Models/Laguna-S-2.1-exl3-1.98bpw
(EngineCore pid=3419082) INFO 2026-08-09 23:11:37,866 emmy.compiler.backend.cuda.program: [cuda] CompiledProgram.build: 17 launch(es) compile+alloc=0.00s kernels=[0:k_mean_e36245, 1:k_cast_linear_matmul_reduce_de91e0__partial, 2:k_cast_linear_matmul_reduce_de91e0__partial, 3:k_cast_linear_matmul_reduce_de91e0__partial, 4:k_cast_linear_matmul_reduce_de91e0, 5:k_cast_linear_matmul_reduce_de91e0, 6:k_cast_linear_matmul_reduce_de91e0, 7:k_bitcast_cast_linear_matmul_reduce_a98486, 8:k_bitcast_cast_linear_matmul_reduce_18d77e, 9:k_bitcast_cast_linear_matmul_reduce_67fa5b, 10:k_cast_linear_matmul_reduce_cf207b__partial, 11:k_cast_linear_matmul_reduce_369764, 12:k_cast_linear_matmul_reduce_b5b17f__partial, 13:k_cast_linear_matmul_reduce_cf207b, 14:k_cast_linear_matmul_reduce_b5b17f, 15:k_mean_e22c85, 16:k_mean_c73f3f]
(EngineCore pid=3419082) INFO 2026-08-09 23:11:37,866 emmy.compiler.backend.cuda.program: [cuda] buffer-reuse: scratch slab=0.00 GB (0.00 GB naive, 1.6x) over 14 scratch buf(s)
(EngineCore pid=3419082) INFO 2026-08-09 23:11:37,868 emmy.compiler.trace.torch: torch.export.export() starting...
(EngineCore pid=3419082) INFO 2026-08-09 23:11:38,192 emmy.compiler.trace.torch: torch.export.export() done in 0.3s (42 retained FX nodes, pruned 6 dead)
(EngineCore pid=3419082) INFO 2026-08-09 23:11:38,193 emmy.compiler.trace.torch: FX→Graph IR walk done in 0.0s (55 IR nodes)
(EngineCore pid=3419082) INFO 2026-08-09 23:11:38,703 emmy.compiler.loader.quant: spelled 4 coded weight constant(s) from /home/dikobraz/Models/Laguna-S-2.1-exl3-1.98bpw
(EngineCore pid=3419082) INFO 2026-08-09 23:11:39,276 emmy.compiler.backend.cuda.program: [cuda] CompiledProgram.build: 26 launch(es) compile+alloc=0.00s kernels=[0:k_bitcast_cast_pointwise_531ded, 1:k_bitcast_cast_pointwise_b18f65, 2:k_bitcast_cast_pointwise_b18f65, 3:k_bitcast_cast_pointwise_b18f65, 4:k_bitcast_cast_pointwise_157d6a, 5:k_linear_mean_reduce_140e4d, 6:k_bitcast_cast_pointwise_2fe005, 7:k_bitcast_cast_pointwise_76b6ca, 8:k_bitcast_cast_pointwise_c08dac, 9:k_cast_linear_matmul_reduce_c7b234__partial, 10:k_cast_linear_matmul_reduce_c7b234, 11:k_cast_linear_matmul_bitcast_reduce_f7578b, 12:k_cast_linear_matmul_reduce_76ca05__partial, 13:k_cast_linear_matmul_reduce_76ca05, 14:k_mean_e36245, 15:k_cast_linear_matmul_reduce_de91e0__partial, 16:k_cast_linear_matmul_reduce_de91e0__partial, 17:k_cast_linear_matmul_reduce_de91e0, 18:k_cast_linear_matmul_reduce_de91e0, 19:k_bitcast_cast_linear_matmul_reduce_6cd202, 20:k_bitcast_cast_linear_matmul_reduce_6cd202, 21:k_cast_linear_matmul_reduce_cd9413, 22:k_cast_linear_matmul_reduce_63aae0, 23:k_bitcast_cast_linear_matmul_reduce_0d0c87, 24:k_cast_linear_matmul_reduce_76ca05__partial, 25:k_cast_linear_matmul_reduce_76ca05]
(EngineCore pid=3419082) INFO 2026-08-09 23:11:39,276 emmy.compiler.backend.cuda.program: [cuda] buffer-reuse: scratch slab=0.20 GB (0.23 GB naive, 1.1x) over 24 scratch buf(s)
(EngineCore pid=3419082) INFO 2026-08-09 23:11:39,278 emmy.serving.gen_runner: [gen_runner] compiling layer 31/48 (pre + post + decode)...
(EngineCore pid=3419082) INFO 2026-08-09 23:11:39,279 emmy.compiler.trace.torch: torch.export.export() starting...
(EngineCore pid=3419082) INFO 2026-08-09 23:11:39,302 emmy.compiler.trace.torch: torch.export.export() done in 0.0s (41 retained FX nodes, pruned 6 dead)
(EngineCore pid=3419082) INFO 2026-08-09 23:11:39,304 emmy.compiler.trace.torch: FX→Graph IR walk done in 0.0s (58 IR nodes)
(EngineCore pid=3419082) INFO 2026-08-09 23:11:39,814 emmy.compiler.loader.quant: spelled 3 coded weight constant(s) from /home/dikobraz/Models/Laguna-S-2.1-exl3-1.98bpw
(EngineCore pid=3419082) INFO 2026-08-09 23:11:40,033 emmy.compiler.backend.cuda.program: [cuda] CompiledProgram.build: 17 launch(es) compile+alloc=0.00s kernels=[0:k_mean_e36245, 1:k_cast_linear_matmul_reduce_de91e0__partial, 2:k_cast_linear_matmul_reduce_de91e0__partial, 3:k_cast_linear_matmul_reduce_de91e0__partial, 4:k_cast_linear_matmul_reduce_de91e0, 5:k_cast_linear_matmul_reduce_de91e0, 6:k_cast_linear_matmul_reduce_de91e0, 7:k_bitcast_cast_linear_matmul_reduce_a98486, 8:k_bitcast_cast_linear_matmul_reduce_18d77e, 9:k_bitcast_cast_linear_matmul_reduce_67fa5b, 10:k_cast_linear_matmul_reduce_cf207b__partial, 11:k_cast_linear_matmul_reduce_369764, 12:k_cast_linear_matmul_reduce_b5b17f__partial, 13:k_cast_linear_matmul_reduce_cf207b, 14:k_cast_linear_matmul_reduce_b5b17f, 15:k_mean_e22c85, 16:k_mean_c73f3f]
(EngineCore pid=3419082) INFO 2026-08-09 23:11:40,033 emmy.compiler.backend.cuda.program: [cuda] buffer-reuse: scratch slab=0.00 GB (0.00 GB naive, 1.6x) over 14 scratch buf(s)
(EngineCore pid=3419082) INFO 2026-08-09 23:11:40,035 emmy.compiler.trace.torch: torch.export.export() starting...
(EngineCore pid=3419082) INFO 2026-08-09 23:11:40,059 emmy.compiler.trace.torch: torch.export.export() done in 0.0s (42 retained FX nodes, pruned 6 dead)
(EngineCore pid=3419082) INFO 2026-08-09 23:11:40,060 emmy.compiler.trace.torch: FX→Graph IR walk done in 0.0s (55 IR nodes)
(EngineCore pid=3419082) INFO 2026-08-09 23:11:40,875 emmy.compiler.loader.quant: spelled 4 coded weight constant(s) from /home/dikobraz/Models/Laguna-S-2.1-exl3-1.98bpw
(EngineCore pid=3419082) INFO 2026-08-09 23:11:41,449 emmy.compiler.backend.cuda.program: [cuda] CompiledProgram.build: 26 launch(es) compile+alloc=0.00s kernels=[0:k_bitcast_cast_pointwise_531ded, 1:k_bitcast_cast_pointwise_b18f65, 2:k_bitcast_cast_pointwise_b18f65, 3:k_bitcast_cast_pointwise_b18f65, 4:k_bitcast_cast_pointwise_157d6a, 5:k_linear_mean_reduce_140e4d, 6:k_bitcast_cast_pointwise_2fe005, 7:k_bitcast_cast_pointwise_76b6ca, 8:k_bitcast_cast_pointwise_c08dac, 9:k_cast_linear_matmul_reduce_c7b234__partial, 10:k_cast_linear_matmul_reduce_c7b234, 11:k_cast_linear_matmul_bitcast_reduce_f7578b, 12:k_cast_linear_matmul_reduce_76ca05__partial, 13:k_cast_linear_matmul_reduce_76ca05, 14:k_mean_e36245, 15:k_cast_linear_matmul_reduce_de91e0__partial, 16:k_cast_linear_matmul_reduce_de91e0__partial, 17:k_cast_linear_matmul_reduce_de91e0, 18:k_cast_linear_matmul_reduce_de91e0, 19:k_bitcast_cast_linear_matmul_reduce_6cd202, 20:k_bitcast_cast_linear_matmul_reduce_6cd202, 21:k_cast_linear_matmul_reduce_cd9413, 22:k_cast_linear_matmul_reduce_63aae0, 23:k_bitcast_cast_linear_matmul_reduce_0d0c87, 24:k_cast_linear_matmul_reduce_76ca05__partial, 25:k_cast_linear_matmul_reduce_76ca05]
(EngineCore pid=3419082) INFO 2026-08-09 23:11:41,449 emmy.compiler.backend.cuda.program: [cuda] buffer-reuse: scratch slab=0.20 GB (0.23 GB naive, 1.1x) over 24 scratch buf(s)
(EngineCore pid=3419082) INFO 2026-08-09 23:11:41,451 emmy.serving.gen_runner: [gen_runner] compiling layer 32/48 (pre + post + decode)...
(EngineCore pid=3419082) INFO 2026-08-09 23:11:41,452 emmy.compiler.trace.torch: torch.export.export() starting...
(EngineCore pid=3419082) INFO 2026-08-09 23:11:41,475 emmy.compiler.trace.torch: torch.export.export() done in 0.0s (41 retained FX nodes, pruned 6 dead)
(EngineCore pid=3419082) INFO 2026-08-09 23:11:41,476 emmy.compiler.trace.torch: FX→Graph IR walk done in 0.0s (58 IR nodes)
(EngineCore pid=3419082) INFO 2026-08-09 23:11:41,989 emmy.compiler.loader.quant: spelled 3 coded weight constant(s) from /home/dikobraz/Models/Laguna-S-2.1-exl3-1.98bpw
(EngineCore pid=3419082) INFO 2026-08-09 23:11:42,208 emmy.compiler.backend.cuda.program: [cuda] CompiledProgram.build: 17 launch(es) compile+alloc=0.00s kernels=[0:k_mean_e36245, 1:k_cast_linear_matmul_reduce_de91e0__partial, 2:k_cast_linear_matmul_reduce_de91e0__partial, 3:k_cast_linear_matmul_reduce_de91e0__partial, 4:k_cast_linear_matmul_reduce_de91e0, 5:k_cast_linear_matmul_reduce_de91e0, 6:k_cast_linear_matmul_reduce_de91e0, 7:k_bitcast_cast_linear_matmul_reduce_a98486, 8:k_bitcast_cast_linear_matmul_reduce_18d77e, 9:k_bitcast_cast_linear_matmul_reduce_67fa5b, 10:k_cast_linear_matmul_reduce_cf207b__partial, 11:k_cast_linear_matmul_reduce_369764, 12:k_cast_linear_matmul_reduce_b5b17f__partial, 13:k_cast_linear_matmul_reduce_cf207b, 14:k_cast_linear_matmul_reduce_b5b17f, 15:k_mean_e22c85, 16:k_mean_c73f3f]
(EngineCore pid=3419082) INFO 2026-08-09 23:11:42,208 emmy.compiler.backend.cuda.program: [cuda] buffer-reuse: scratch slab=0.00 GB (0.00 GB naive, 1.6x) over 14 scratch buf(s)
(EngineCore pid=3419082) INFO 2026-08-09 23:11:42,210 emmy.compiler.trace.torch: torch.export.export() starting...
(EngineCore pid=3419082) INFO 2026-08-09 23:11:42,234 emmy.compiler.trace.torch: torch.export.export() done in 0.0s (42 retained FX nodes, pruned 6 dead)
(EngineCore pid=3419082) INFO 2026-08-09 23:11:42,235 emmy.compiler.trace.torch: FX→Graph IR walk done in 0.0s (55 IR nodes)
(EngineCore pid=3419082) INFO 2026-08-09 23:11:43,058 emmy.compiler.loader.quant: spelled 4 coded weight constant(s) from /home/dikobraz/Models/Laguna-S-2.1-exl3-1.98bpw
(EngineCore pid=3419082) INFO 2026-08-09 23:11:43,637 emmy.compiler.backend.cuda.program: [cuda] CompiledProgram.build: 26 launch(es) compile+alloc=0.00s kernels=[0:k_bitcast_cast_pointwise_531ded, 1:k_bitcast_cast_pointwise_b18f65, 2:k_bitcast_cast_pointwise_b18f65, 3:k_bitcast_cast_pointwise_b18f65, 4:k_bitcast_cast_pointwise_157d6a, 5:k_linear_mean_reduce_140e4d, 6:k_bitcast_cast_pointwise_2fe005, 7:k_bitcast_cast_pointwise_76b6ca, 8:k_bitcast_cast_pointwise_c08dac, 9:k_cast_linear_matmul_reduce_c7b234__partial, 10:k_cast_linear_matmul_reduce_c7b234, 11:k_cast_linear_matmul_bitcast_reduce_f7578b, 12:k_cast_linear_matmul_reduce_76ca05__partial, 13:k_cast_linear_matmul_reduce_76ca05, 14:k_mean_e36245, 15:k_cast_linear_matmul_reduce_de91e0__partial, 16:k_cast_linear_matmul_reduce_de91e0__partial, 17:k_cast_linear_matmul_reduce_de91e0, 18:k_cast_linear_matmul_reduce_de91e0, 19:k_bitcast_cast_linear_matmul_reduce_6cd202, 20:k_bitcast_cast_linear_matmul_reduce_6cd202, 21:k_cast_linear_matmul_reduce_cd9413, 22:k_cast_linear_matmul_reduce_63aae0, 23:k_bitcast_cast_linear_matmul_reduce_0d0c87, 24:k_cast_linear_matmul_reduce_76ca05__partial, 25:k_cast_linear_matmul_reduce_76ca05]
(EngineCore pid=3419082) INFO 2026-08-09 23:11:43,637 emmy.compiler.backend.cuda.program: [cuda] buffer-reuse: scratch slab=0.20 GB (0.23 GB naive, 1.1x) over 24 scratch buf(s)
(EngineCore pid=3419082) INFO 2026-08-09 23:11:43,639 emmy.serving.gen_runner: [gen_runner] compiling layer 33/48 (pre + post + decode)...
(EngineCore pid=3419082) INFO 2026-08-09 23:11:43,640 emmy.compiler.trace.torch: torch.export.export() starting...
(EngineCore pid=3419082) INFO 2026-08-09 23:11:43,664 emmy.compiler.trace.torch: torch.export.export() done in 0.0s (41 retained FX nodes, pruned 6 dead)
(EngineCore pid=3419082) INFO 2026-08-09 23:11:43,665 emmy.compiler.trace.torch: FX→Graph IR walk done in 0.0s (58 IR nodes)
(EngineCore pid=3419082) INFO 2026-08-09 23:11:43,828 emmy.compiler.loader.quant: spelled 3 coded weight constant(s) from /home/dikobraz/Models/Laguna-S-2.1-exl3-1.98bpw
(EngineCore pid=3419082) INFO 2026-08-09 23:11:44,709 emmy.compiler.backend.cuda.program: [cuda] CompiledProgram.build: 17 launch(es) compile+alloc=0.00s kernels=[0:k_mean_e36245, 1:k_cast_linear_matmul_reduce_de91e0__partial, 2:k_cast_linear_matmul_reduce_de91e0__partial, 3:k_cast_linear_matmul_reduce_de91e0__partial, 4:k_cast_linear_matmul_reduce_de91e0, 5:k_cast_linear_matmul_reduce_de91e0, 6:k_cast_linear_matmul_reduce_de91e0, 7:k_bitcast_cast_linear_matmul_reduce_a98486, 8:k_bitcast_cast_linear_matmul_reduce_18d77e, 9:k_bitcast_cast_linear_matmul_reduce_5b63ae, 10:k_cast_linear_matmul_reduce_cf207b__partial, 11:k_cast_linear_matmul_reduce_369764, 12:k_cast_linear_matmul_reduce_d73f75__partial, 13:k_cast_linear_matmul_reduce_cf207b, 14:k_cast_linear_matmul_reduce_d73f75, 15:k_mean_e22c85, 16:k_mean_fb3667]
(EngineCore pid=3419082) INFO 2026-08-09 23:11:44,709 emmy.compiler.backend.cuda.program: [cuda] buffer-reuse: scratch slab=0.00 GB (0.00 GB naive, 1.8x) over 14 scratch buf(s)
(EngineCore pid=3419082) INFO 2026-08-09 23:11:44,711 emmy.compiler.trace.torch: torch.export.export() starting...
(EngineCore pid=3419082) INFO 2026-08-09 23:11:44,735 emmy.compiler.trace.torch: torch.export.export() done in 0.0s (42 retained FX nodes, pruned 6 dead)
(EngineCore pid=3419082) INFO 2026-08-09 23:11:44,736 emmy.compiler.trace.torch: FX→Graph IR walk done in 0.0s (55 IR nodes)
(EngineCore pid=3419082) INFO 2026-08-09 23:11:44,900 emmy.compiler.loader.quant: spelled 4 coded weight constant(s) from /home/dikobraz/Models/Laguna-S-2.1-exl3-1.98bpw
(EngineCore pid=3419082) INFO 2026-08-09 23:11:45,780 emmy.compiler.backend.cuda.program: [cuda] CompiledProgram.build: 26 launch(es) compile+alloc=0.00s kernels=[0:k_bitcast_cast_pointwise_bd0953, 1:k_bitcast_cast_pointwise_b18f65, 2:k_bitcast_cast_pointwise_b18f65, 3:k_bitcast_cast_pointwise_b18f65, 4:k_bitcast_cast_pointwise_157d6a, 5:k_linear_mean_reduce_5e93f3, 6:k_bitcast_cast_pointwise_8967e6, 7:k_bitcast_cast_pointwise_76b6ca, 8:k_bitcast_cast_pointwise_c08dac, 9:k_cast_linear_matmul_reduce_a825dd__partial, 10:k_cast_linear_matmul_reduce_a825dd, 11:k_cast_linear_matmul_bitcast_reduce_a91b88, 12:k_cast_linear_matmul_reduce_76ca05__partial, 13:k_cast_linear_matmul_reduce_76ca05, 14:k_mean_e36245, 15:k_cast_linear_matmul_reduce_de91e0__partial, 16:k_cast_linear_matmul_reduce_de91e0__partial, 17:k_cast_linear_matmul_reduce_de91e0, 18:k_cast_linear_matmul_reduce_de91e0, 19:k_bitcast_cast_linear_matmul_reduce_6cd202, 20:k_bitcast_cast_linear_matmul_reduce_6cd202, 21:k_cast_linear_matmul_reduce_cd9413, 22:k_cast_linear_matmul_reduce_63aae0, 23:k_bitcast_cast_linear_matmul_reduce_0d0c87, 24:k_cast_linear_matmul_reduce_76ca05__partial, 25:k_cast_linear_matmul_reduce_76ca05]
(EngineCore pid=3419082) INFO 2026-08-09 23:11:45,780 emmy.compiler.backend.cuda.program: [cuda] buffer-reuse: scratch slab=0.16 GB (0.19 GB naive, 1.2x) over 24 scratch buf(s)
(EngineCore pid=3419082) INFO 2026-08-09 23:11:45,782 emmy.serving.gen_runner: [gen_runner] compiling layer 34/48 (pre + post + decode)...
(EngineCore pid=3419082) INFO 2026-08-09 23:11:45,783 emmy.compiler.trace.torch: torch.export.export() starting...
(EngineCore pid=3419082) INFO 2026-08-09 23:11:45,806 emmy.compiler.trace.torch: torch.export.export() done in 0.0s (41 retained FX nodes, pruned 6 dead)
(EngineCore pid=3419082) INFO 2026-08-09 23:11:45,807 emmy.compiler.trace.torch: FX→Graph IR walk done in 0.0s (58 IR nodes)
(EngineCore pid=3419082) INFO 2026-08-09 23:11:46,321 emmy.compiler.loader.quant: spelled 3 coded weight constant(s) from /home/dikobraz/Models/Laguna-S-2.1-exl3-1.98bpw
(EngineCore pid=3419082) INFO 2026-08-09 23:11:46,539 emmy.compiler.backend.cuda.program: [cuda] CompiledProgram.build: 17 launch(es) compile+alloc=0.00s kernels=[0:k_mean_e36245, 1:k_cast_linear_matmul_reduce_de91e0__partial, 2:k_cast_linear_matmul_reduce_de91e0__partial, 3:k_cast_linear_matmul_reduce_de91e0__partial, 4:k_cast_linear_matmul_reduce_de91e0, 5:k_cast_linear_matmul_reduce_de91e0, 6:k_cast_linear_matmul_reduce_de91e0, 7:k_bitcast_cast_linear_matmul_reduce_a98486, 8:k_bitcast_cast_linear_matmul_reduce_18d77e, 9:k_bitcast_cast_linear_matmul_reduce_67fa5b, 10:k_cast_linear_matmul_reduce_cf207b__partial, 11:k_cast_linear_matmul_reduce_369764, 12:k_cast_linear_matmul_reduce_b5b17f__partial, 13:k_cast_linear_matmul_reduce_cf207b, 14:k_cast_linear_matmul_reduce_b5b17f, 15:k_mean_e22c85, 16:k_mean_c73f3f]
(EngineCore pid=3419082) INFO 2026-08-09 23:11:46,539 emmy.compiler.backend.cuda.program: [cuda] buffer-reuse: scratch slab=0.00 GB (0.00 GB naive, 1.6x) over 14 scratch buf(s)
(EngineCore pid=3419082) INFO 2026-08-09 23:11:46,541 emmy.compiler.trace.torch: torch.export.export() starting...
(EngineCore pid=3419082) INFO 2026-08-09 23:11:46,564 emmy.compiler.trace.torch: torch.export.export() done in 0.0s (42 retained FX nodes, pruned 6 dead)
(EngineCore pid=3419082) INFO 2026-08-09 23:11:46,565 emmy.compiler.trace.torch: FX→Graph IR walk done in 0.0s (55 IR nodes)
(EngineCore pid=3419082) INFO 2026-08-09 23:11:47,389 emmy.compiler.loader.quant: spelled 4 coded weight constant(s) from /home/dikobraz/Models/Laguna-S-2.1-exl3-1.98bpw
(EngineCore pid=3419082) INFO 2026-08-09 23:11:47,611 emmy.compiler.backend.cuda.program: [cuda] CompiledProgram.build: 26 launch(es) compile+alloc=0.00s kernels=[0:k_bitcast_cast_pointwise_531ded, 1:k_bitcast_cast_pointwise_b18f65, 2:k_bitcast_cast_pointwise_b18f65, 3:k_bitcast_cast_pointwise_b18f65, 4:k_bitcast_cast_pointwise_157d6a, 5:k_linear_mean_reduce_140e4d, 6:k_bitcast_cast_pointwise_2fe005, 7:k_bitcast_cast_pointwise_76b6ca, 8:k_bitcast_cast_pointwise_c08dac, 9:k_cast_linear_matmul_reduce_c7b234__partial, 10:k_cast_linear_matmul_reduce_c7b234, 11:k_cast_linear_matmul_bitcast_reduce_f7578b, 12:k_cast_linear_matmul_reduce_76ca05__partial, 13:k_cast_linear_matmul_reduce_76ca05, 14:k_mean_e36245, 15:k_cast_linear_matmul_reduce_de91e0__partial, 16:k_cast_linear_matmul_reduce_de91e0__partial, 17:k_cast_linear_matmul_reduce_de91e0, 18:k_cast_linear_matmul_reduce_de91e0, 19:k_bitcast_cast_linear_matmul_reduce_6cd202, 20:k_bitcast_cast_linear_matmul_reduce_6cd202, 21:k_cast_linear_matmul_reduce_cd9413, 22:k_cast_linear_matmul_reduce_63aae0, 23:k_bitcast_cast_linear_matmul_reduce_0d0c87, 24:k_cast_linear_matmul_reduce_76ca05__partial, 25:k_cast_linear_matmul_reduce_76ca05]
(EngineCore pid=3419082) INFO 2026-08-09 23:11:47,611 emmy.compiler.backend.cuda.program: [cuda] buffer-reuse: scratch slab=0.20 GB (0.23 GB naive, 1.1x) over 24 scratch buf(s)
(EngineCore pid=3419082) INFO 2026-08-09 23:11:47,613 emmy.serving.gen_runner: [gen_runner] compiling layer 35/48 (pre + post + decode)...
(EngineCore pid=3419082) INFO 2026-08-09 23:11:47,614 emmy.compiler.trace.torch: torch.export.export() starting...
(EngineCore pid=3419082) INFO 2026-08-09 23:11:47,637 emmy.compiler.trace.torch: torch.export.export() done in 0.0s (41 retained FX nodes, pruned 6 dead)
(EngineCore pid=3419082) INFO 2026-08-09 23:11:47,638 emmy.compiler.trace.torch: FX→Graph IR walk done in 0.0s (58 IR nodes)
(EngineCore pid=3419082) INFO 2026-08-09 23:11:48,456 emmy.compiler.loader.quant: spelled 3 coded weight constant(s) from /home/dikobraz/Models/Laguna-S-2.1-exl3-1.98bpw
(EngineCore pid=3419082) INFO 2026-08-09 23:11:49,030 emmy.compiler.backend.cuda.program: [cuda] CompiledProgram.build: 17 launch(es) compile+alloc=0.00s kernels=[0:k_mean_e36245, 1:k_cast_linear_matmul_reduce_de91e0__partial, 2:k_cast_linear_matmul_reduce_de91e0__partial, 3:k_cast_linear_matmul_reduce_de91e0__partial, 4:k_cast_linear_matmul_reduce_de91e0, 5:k_cast_linear_matmul_reduce_de91e0, 6:k_cast_linear_matmul_reduce_de91e0, 7:k_bitcast_cast_linear_matmul_reduce_a98486, 8:k_bitcast_cast_linear_matmul_reduce_18d77e, 9:k_bitcast_cast_linear_matmul_reduce_67fa5b, 10:k_cast_linear_matmul_reduce_cf207b__partial, 11:k_cast_linear_matmul_reduce_369764, 12:k_cast_linear_matmul_reduce_b5b17f__partial, 13:k_cast_linear_matmul_reduce_cf207b, 14:k_cast_linear_matmul_reduce_b5b17f, 15:k_mean_e22c85, 16:k_mean_c73f3f]
(EngineCore pid=3419082) INFO 2026-08-09 23:11:49,030 emmy.compiler.backend.cuda.program: [cuda] buffer-reuse: scratch slab=0.00 GB (0.00 GB naive, 1.6x) over 14 scratch buf(s)
(EngineCore pid=3419082) INFO 2026-08-09 23:11:49,032 emmy.compiler.trace.torch: torch.export.export() starting...
(EngineCore pid=3419082) INFO 2026-08-09 23:11:49,056 emmy.compiler.trace.torch: torch.export.export() done in 0.0s (42 retained FX nodes, pruned 6 dead)
(EngineCore pid=3419082) INFO 2026-08-09 23:11:49,057 emmy.compiler.trace.torch: FX→Graph IR walk done in 0.0s (55 IR nodes)
(EngineCore pid=3419082) INFO 2026-08-09 23:11:49,578 emmy.compiler.loader.quant: spelled 4 coded weight constant(s) from /home/dikobraz/Models/Laguna-S-2.1-exl3-1.98bpw
(EngineCore pid=3419082) INFO 2026-08-09 23:11:49,801 emmy.compiler.backend.cuda.program: [cuda] CompiledProgram.build: 26 launch(es) compile+alloc=0.00s kernels=[0:k_bitcast_cast_pointwise_531ded, 1:k_bitcast_cast_pointwise_b18f65, 2:k_bitcast_cast_pointwise_b18f65, 3:k_bitcast_cast_pointwise_b18f65, 4:k_bitcast_cast_pointwise_157d6a, 5:k_linear_mean_reduce_140e4d, 6:k_bitcast_cast_pointwise_2fe005, 7:k_bitcast_cast_pointwise_76b6ca, 8:k_bitcast_cast_pointwise_c08dac, 9:k_cast_linear_matmul_reduce_c7b234__partial, 10:k_cast_linear_matmul_reduce_c7b234, 11:k_cast_linear_matmul_bitcast_reduce_f7578b, 12:k_cast_linear_matmul_reduce_76ca05__partial, 13:k_cast_linear_matmul_reduce_76ca05, 14:k_mean_e36245, 15:k_cast_linear_matmul_reduce_de91e0__partial, 16:k_cast_linear_matmul_reduce_de91e0__partial, 17:k_cast_linear_matmul_reduce_de91e0, 18:k_cast_linear_matmul_reduce_de91e0, 19:k_bitcast_cast_linear_matmul_reduce_6cd202, 20:k_bitcast_cast_linear_matmul_reduce_6cd202, 21:k_cast_linear_matmul_reduce_cd9413, 22:k_cast_linear_matmul_reduce_63aae0, 23:k_bitcast_cast_linear_matmul_reduce_0d0c87, 24:k_cast_linear_matmul_reduce_76ca05__partial, 25:k_cast_linear_matmul_reduce_76ca05]
(EngineCore pid=3419082) INFO 2026-08-09 23:11:49,801 emmy.compiler.backend.cuda.program: [cuda] buffer-reuse: scratch slab=0.20 GB (0.23 GB naive, 1.1x) over 24 scratch buf(s)
(EngineCore pid=3419082) INFO 2026-08-09 23:11:49,803 emmy.serving.gen_runner: [gen_runner] compiling layer 36/48 (pre + post + decode)...
(EngineCore pid=3419082) INFO 2026-08-09 23:11:49,804 emmy.compiler.trace.torch: torch.export.export() starting...
(EngineCore pid=3419082) INFO 2026-08-09 23:11:49,828 emmy.compiler.trace.torch: torch.export.export() done in 0.0s (41 retained FX nodes, pruned 6 dead)
(EngineCore pid=3419082) INFO 2026-08-09 23:11:49,829 emmy.compiler.trace.torch: FX→Graph IR walk done in 0.0s (58 IR nodes)
(EngineCore pid=3419082) INFO 2026-08-09 23:11:50,647 emmy.compiler.loader.quant: spelled 3 coded weight constant(s) from /home/dikobraz/Models/Laguna-S-2.1-exl3-1.98bpw
(EngineCore pid=3419082) INFO 2026-08-09 23:11:50,865 emmy.compiler.backend.cuda.program: [cuda] CompiledProgram.build: 17 launch(es) compile+alloc=0.00s kernels=[0:k_mean_e36245, 1:k_cast_linear_matmul_reduce_de91e0__partial, 2:k_cast_linear_matmul_reduce_de91e0__partial, 3:k_cast_linear_matmul_reduce_de91e0__partial, 4:k_cast_linear_matmul_reduce_de91e0, 5:k_cast_linear_matmul_reduce_de91e0, 6:k_cast_linear_matmul_reduce_de91e0, 7:k_bitcast_cast_linear_matmul_reduce_a98486, 8:k_bitcast_cast_linear_matmul_reduce_18d77e, 9:k_bitcast_cast_linear_matmul_reduce_67fa5b, 10:k_cast_linear_matmul_reduce_cf207b__partial, 11:k_cast_linear_matmul_reduce_369764, 12:k_cast_linear_matmul_reduce_b5b17f__partial, 13:k_cast_linear_matmul_reduce_cf207b, 14:k_cast_linear_matmul_reduce_b5b17f, 15:k_mean_e22c85, 16:k_mean_c73f3f]
(EngineCore pid=3419082) INFO 2026-08-09 23:11:50,866 emmy.compiler.backend.cuda.program: [cuda] buffer-reuse: scratch slab=0.00 GB (0.00 GB naive, 1.6x) over 14 scratch buf(s)
(EngineCore pid=3419082) INFO 2026-08-09 23:11:50,867 emmy.compiler.trace.torch: torch.export.export() starting...
(EngineCore pid=3419082) INFO 2026-08-09 23:11:50,891 emmy.compiler.trace.torch: torch.export.export() done in 0.0s (42 retained FX nodes, pruned 6 dead)
(EngineCore pid=3419082) INFO 2026-08-09 23:11:50,892 emmy.compiler.trace.torch: FX→Graph IR walk done in 0.0s (55 IR nodes)
(EngineCore pid=3419082) INFO 2026-08-09 23:11:51,716 emmy.compiler.loader.quant: spelled 4 coded weight constant(s) from /home/dikobraz/Models/Laguna-S-2.1-exl3-1.98bpw
(EngineCore pid=3419082) INFO 2026-08-09 23:11:52,294 emmy.compiler.backend.cuda.program: [cuda] CompiledProgram.build: 26 launch(es) compile+alloc=0.00s kernels=[0:k_bitcast_cast_pointwise_531ded, 1:k_bitcast_cast_pointwise_b18f65, 2:k_bitcast_cast_pointwise_b18f65, 3:k_bitcast_cast_pointwise_b18f65, 4:k_bitcast_cast_pointwise_157d6a, 5:k_linear_mean_reduce_140e4d, 6:k_bitcast_cast_pointwise_2fe005, 7:k_bitcast_cast_pointwise_76b6ca, 8:k_bitcast_cast_pointwise_c08dac, 9:k_cast_linear_matmul_reduce_c7b234__partial, 10:k_cast_linear_matmul_reduce_c7b234, 11:k_cast_linear_matmul_bitcast_reduce_f7578b, 12:k_cast_linear_matmul_reduce_76ca05__partial, 13:k_cast_linear_matmul_reduce_76ca05, 14:k_mean_e36245, 15:k_cast_linear_matmul_reduce_de91e0__partial, 16:k_cast_linear_matmul_reduce_de91e0__partial, 17:k_cast_linear_matmul_reduce_de91e0, 18:k_cast_linear_matmul_reduce_de91e0, 19:k_bitcast_cast_linear_matmul_reduce_6cd202, 20:k_bitcast_cast_linear_matmul_reduce_6cd202, 21:k_cast_linear_matmul_reduce_cd9413, 22:k_cast_linear_matmul_reduce_63aae0, 23:k_bitcast_cast_linear_matmul_reduce_0d0c87, 24:k_cast_linear_matmul_reduce_76ca05__partial, 25:k_cast_linear_matmul_reduce_76ca05]
(EngineCore pid=3419082) INFO 2026-08-09 23:11:52,294 emmy.compiler.backend.cuda.program: [cuda] buffer-reuse: scratch slab=0.20 GB (0.23 GB naive, 1.1x) over 24 scratch buf(s)
(EngineCore pid=3419082) INFO 2026-08-09 23:11:52,296 emmy.serving.gen_runner: [gen_runner] compiling layer 37/48 (pre + post + decode)...
(EngineCore pid=3419082) INFO 2026-08-09 23:11:52,297 emmy.compiler.trace.torch: torch.export.export() starting...
(EngineCore pid=3419082) INFO 2026-08-09 23:11:52,320 emmy.compiler.trace.torch: torch.export.export() done in 0.0s (41 retained FX nodes, pruned 6 dead)
(EngineCore pid=3419082) INFO 2026-08-09 23:11:52,321 emmy.compiler.trace.torch: FX→Graph IR walk done in 0.0s (58 IR nodes)
(EngineCore pid=3419082) INFO 2026-08-09 23:11:52,485 emmy.compiler.loader.quant: spelled 3 coded weight constant(s) from /home/dikobraz/Models/Laguna-S-2.1-exl3-1.98bpw
(EngineCore pid=3419082) INFO 2026-08-09 23:11:53,373 emmy.compiler.backend.cuda.program: [cuda] CompiledProgram.build: 17 launch(es) compile+alloc=0.00s kernels=[0:k_mean_e36245, 1:k_cast_linear_matmul_reduce_de91e0__partial, 2:k_cast_linear_matmul_reduce_de91e0__partial, 3:k_cast_linear_matmul_reduce_de91e0__partial, 4:k_cast_linear_matmul_reduce_de91e0, 5:k_cast_linear_matmul_reduce_de91e0, 6:k_cast_linear_matmul_reduce_de91e0, 7:k_bitcast_cast_linear_matmul_reduce_a98486, 8:k_bitcast_cast_linear_matmul_reduce_18d77e, 9:k_bitcast_cast_linear_matmul_reduce_5b63ae, 10:k_cast_linear_matmul_reduce_cf207b__partial, 11:k_cast_linear_matmul_reduce_369764, 12:k_cast_linear_matmul_reduce_d73f75__partial, 13:k_cast_linear_matmul_reduce_cf207b, 14:k_cast_linear_matmul_reduce_d73f75, 15:k_mean_e22c85, 16:k_mean_fb3667]
(EngineCore pid=3419082) INFO 2026-08-09 23:11:53,373 emmy.compiler.backend.cuda.program: [cuda] buffer-reuse: scratch slab=0.00 GB (0.00 GB naive, 1.8x) over 14 scratch buf(s)
(EngineCore pid=3419082) INFO 2026-08-09 23:11:53,375 emmy.compiler.trace.torch: torch.export.export() starting...
(EngineCore pid=3419082) INFO 2026-08-09 23:11:53,399 emmy.compiler.trace.torch: torch.export.export() done in 0.0s (42 retained FX nodes, pruned 6 dead)
(EngineCore pid=3419082) INFO 2026-08-09 23:11:53,400 emmy.compiler.trace.torch: FX→Graph IR walk done in 0.0s (55 IR nodes)
(EngineCore pid=3419082) INFO 2026-08-09 23:11:53,566 emmy.compiler.loader.quant: spelled 4 coded weight constant(s) from /home/dikobraz/Models/Laguna-S-2.1-exl3-1.98bpw
(EngineCore pid=3419082) INFO 2026-08-09 23:11:54,454 emmy.compiler.backend.cuda.program: [cuda] CompiledProgram.build: 26 launch(es) compile+alloc=0.00s kernels=[0:k_bitcast_cast_pointwise_bd0953, 1:k_bitcast_cast_pointwise_b18f65, 2:k_bitcast_cast_pointwise_b18f65, 3:k_bitcast_cast_pointwise_b18f65, 4:k_bitcast_cast_pointwise_157d6a, 5:k_linear_mean_reduce_5e93f3, 6:k_bitcast_cast_pointwise_8967e6, 7:k_bitcast_cast_pointwise_76b6ca, 8:k_bitcast_cast_pointwise_c08dac, 9:k_cast_linear_matmul_reduce_a825dd__partial, 10:k_cast_linear_matmul_reduce_a825dd, 11:k_cast_linear_matmul_bitcast_reduce_a91b88, 12:k_cast_linear_matmul_reduce_76ca05__partial, 13:k_cast_linear_matmul_reduce_76ca05, 14:k_mean_e36245, 15:k_cast_linear_matmul_reduce_de91e0__partial, 16:k_cast_linear_matmul_reduce_de91e0__partial, 17:k_cast_linear_matmul_reduce_de91e0, 18:k_cast_linear_matmul_reduce_de91e0, 19:k_bitcast_cast_linear_matmul_reduce_6cd202, 20:k_bitcast_cast_linear_matmul_reduce_6cd202, 21:k_cast_linear_matmul_reduce_cd9413, 22:k_cast_linear_matmul_reduce_63aae0, 23:k_bitcast_cast_linear_matmul_reduce_0d0c87, 24:k_cast_linear_matmul_reduce_76ca05__partial, 25:k_cast_linear_matmul_reduce_76ca05]
(EngineCore pid=3419082) INFO 2026-08-09 23:11:54,454 emmy.compiler.backend.cuda.program: [cuda] buffer-reuse: scratch slab=0.16 GB (0.19 GB naive, 1.2x) over 24 scratch buf(s)
(EngineCore pid=3419082) INFO 2026-08-09 23:11:54,456 emmy.serving.gen_runner: [gen_runner] compiling layer 38/48 (pre + post + decode)...
(EngineCore pid=3419082) INFO 2026-08-09 23:11:54,457 emmy.compiler.trace.torch: torch.export.export() starting...
(EngineCore pid=3419082) INFO 2026-08-09 23:11:54,480 emmy.compiler.trace.torch: torch.export.export() done in 0.0s (41 retained FX nodes, pruned 6 dead)
(EngineCore pid=3419082) INFO 2026-08-09 23:11:54,482 emmy.compiler.trace.torch: FX→Graph IR walk done in 0.0s (58 IR nodes)
(EngineCore pid=3419082) INFO 2026-08-09 23:11:55,002 emmy.compiler.loader.quant: spelled 3 coded weight constant(s) from /home/dikobraz/Models/Laguna-S-2.1-exl3-1.98bpw
(EngineCore pid=3419082) INFO 2026-08-09 23:11:55,221 emmy.compiler.backend.cuda.program: [cuda] CompiledProgram.build: 17 launch(es) compile+alloc=0.00s kernels=[0:k_mean_e36245, 1:k_cast_linear_matmul_reduce_de91e0__partial, 2:k_cast_linear_matmul_reduce_de91e0__partial, 3:k_cast_linear_matmul_reduce_de91e0__partial, 4:k_cast_linear_matmul_reduce_de91e0, 5:k_cast_linear_matmul_reduce_de91e0, 6:k_cast_linear_matmul_reduce_de91e0, 7:k_bitcast_cast_linear_matmul_reduce_a98486, 8:k_bitcast_cast_linear_matmul_reduce_18d77e, 9:k_bitcast_cast_linear_matmul_reduce_67fa5b, 10:k_cast_linear_matmul_reduce_cf207b__partial, 11:k_cast_linear_matmul_reduce_369764, 12:k_cast_linear_matmul_reduce_b5b17f__partial, 13:k_cast_linear_matmul_reduce_cf207b, 14:k_cast_linear_matmul_reduce_b5b17f, 15:k_mean_e22c85, 16:k_mean_c73f3f]
(EngineCore pid=3419082) INFO 2026-08-09 23:11:55,221 emmy.compiler.backend.cuda.program: [cuda] buffer-reuse: scratch slab=0.00 GB (0.00 GB naive, 1.6x) over 14 scratch buf(s)
(EngineCore pid=3419082) INFO 2026-08-09 23:11:55,223 emmy.compiler.trace.torch: torch.export.export() starting...
(EngineCore pid=3419082) INFO 2026-08-09 23:11:55,247 emmy.compiler.trace.torch: torch.export.export() done in 0.0s (42 retained FX nodes, pruned 6 dead)
(EngineCore pid=3419082) INFO 2026-08-09 23:11:55,248 emmy.compiler.trace.torch: FX→Graph IR walk done in 0.0s (55 IR nodes)
(EngineCore pid=3419082) INFO 2026-08-09 23:11:56,079 emmy.compiler.loader.quant: spelled 4 coded weight constant(s) from /home/dikobraz/Models/Laguna-S-2.1-exl3-1.98bpw
(EngineCore pid=3419082) INFO 2026-08-09 23:11:56,302 emmy.compiler.backend.cuda.program: [cuda] CompiledProgram.build: 26 launch(es) compile+alloc=0.00s kernels=[0:k_bitcast_cast_pointwise_531ded, 1:k_bitcast_cast_pointwise_b18f65, 2:k_bitcast_cast_pointwise_b18f65, 3:k_bitcast_cast_pointwise_b18f65, 4:k_bitcast_cast_pointwise_157d6a, 5:k_linear_mean_reduce_140e4d, 6:k_bitcast_cast_pointwise_2fe005, 7:k_bitcast_cast_pointwise_76b6ca, 8:k_bitcast_cast_pointwise_c08dac, 9:k_cast_linear_matmul_reduce_c7b234__partial, 10:k_cast_linear_matmul_reduce_c7b234, 11:k_cast_linear_matmul_bitcast_reduce_f7578b, 12:k_cast_linear_matmul_reduce_76ca05__partial, 13:k_cast_linear_matmul_reduce_76ca05, 14:k_mean_e36245, 15:k_cast_linear_matmul_reduce_de91e0__partial, 16:k_cast_linear_matmul_reduce_de91e0__partial, 17:k_cast_linear_matmul_reduce_de91e0, 18:k_cast_linear_matmul_reduce_de91e0, 19:k_bitcast_cast_linear_matmul_reduce_6cd202, 20:k_bitcast_cast_linear_matmul_reduce_6cd202, 21:k_cast_linear_matmul_reduce_cd9413, 22:k_cast_linear_matmul_reduce_63aae0, 23:k_bitcast_cast_linear_matmul_reduce_0d0c87, 24:k_cast_linear_matmul_reduce_76ca05__partial, 25:k_cast_linear_matmul_reduce_76ca05]
(EngineCore pid=3419082) INFO 2026-08-09 23:11:56,302 emmy.compiler.backend.cuda.program: [cuda] buffer-reuse: scratch slab=0.20 GB (0.23 GB naive, 1.1x) over 24 scratch buf(s)
(EngineCore pid=3419082) INFO 2026-08-09 23:11:56,304 emmy.serving.gen_runner: [gen_runner] compiling layer 39/48 (pre + post + decode)...
(EngineCore pid=3419082) INFO 2026-08-09 23:11:56,305 emmy.compiler.trace.torch: torch.export.export() starting...
(EngineCore pid=3419082) INFO 2026-08-09 23:11:56,328 emmy.compiler.trace.torch: torch.export.export() done in 0.0s (41 retained FX nodes, pruned 6 dead)
(EngineCore pid=3419082) INFO 2026-08-09 23:11:56,329 emmy.compiler.trace.torch: FX→Graph IR walk done in 0.0s (58 IR nodes)
(EngineCore pid=3419082) INFO 2026-08-09 23:11:57,154 emmy.compiler.loader.quant: spelled 3 coded weight constant(s) from /home/dikobraz/Models/Laguna-S-2.1-exl3-1.98bpw
(EngineCore pid=3419082) INFO 2026-08-09 23:11:57,729 emmy.compiler.backend.cuda.program: [cuda] CompiledProgram.build: 17 launch(es) compile+alloc=0.00s kernels=[0:k_mean_e36245, 1:k_cast_linear_matmul_reduce_de91e0__partial, 2:k_cast_linear_matmul_reduce_de91e0__partial, 3:k_cast_linear_matmul_reduce_de91e0__partial, 4:k_cast_linear_matmul_reduce_de91e0, 5:k_cast_linear_matmul_reduce_de91e0, 6:k_cast_linear_matmul_reduce_de91e0, 7:k_bitcast_cast_linear_matmul_reduce_a98486, 8:k_bitcast_cast_linear_matmul_reduce_18d77e, 9:k_bitcast_cast_linear_matmul_reduce_67fa5b, 10:k_cast_linear_matmul_reduce_cf207b__partial, 11:k_cast_linear_matmul_reduce_369764, 12:k_cast_linear_matmul_reduce_b5b17f__partial, 13:k_cast_linear_matmul_reduce_cf207b, 14:k_cast_linear_matmul_reduce_b5b17f, 15:k_mean_e22c85, 16:k_mean_c73f3f]
(EngineCore pid=3419082) INFO 2026-08-09 23:11:57,729 emmy.compiler.backend.cuda.program: [cuda] buffer-reuse: scratch slab=0.00 GB (0.00 GB naive, 1.6x) over 14 scratch buf(s)
(EngineCore pid=3419082) INFO 2026-08-09 23:11:57,731 emmy.compiler.trace.torch: torch.export.export() starting...
(EngineCore pid=3419082) INFO 2026-08-09 23:11:57,754 emmy.compiler.trace.torch: torch.export.export() done in 0.0s (42 retained FX nodes, pruned 6 dead)
(EngineCore pid=3419082) INFO 2026-08-09 23:11:57,755 emmy.compiler.trace.torch: FX→Graph IR walk done in 0.0s (55 IR nodes)
(EngineCore pid=3419082) INFO 2026-08-09 23:11:57,920 emmy.compiler.loader.quant: spelled 4 coded weight constant(s) from /home/dikobraz/Models/Laguna-S-2.1-exl3-1.98bpw
(EngineCore pid=3419082) INFO 2026-08-09 23:11:58,866 emmy.compiler.backend.cuda.program: [cuda] CompiledProgram.build: 26 launch(es) compile+alloc=0.00s kernels=[0:k_bitcast_cast_pointwise_531ded, 1:k_bitcast_cast_pointwise_b18f65, 2:k_bitcast_cast_pointwise_b18f65, 3:k_bitcast_cast_pointwise_b18f65, 4:k_bitcast_cast_pointwise_157d6a, 5:k_linear_mean_reduce_140e4d, 6:k_bitcast_cast_pointwise_2fe005, 7:k_bitcast_cast_pointwise_76b6ca, 8:k_bitcast_cast_pointwise_c08dac, 9:k_cast_linear_matmul_reduce_c7b234__partial, 10:k_cast_linear_matmul_reduce_c7b234, 11:k_cast_linear_matmul_bitcast_reduce_f7578b, 12:k_cast_linear_matmul_reduce_76ca05__partial, 13:k_cast_linear_matmul_reduce_76ca05, 14:k_mean_e36245, 15:k_cast_linear_matmul_reduce_de91e0__partial, 16:k_cast_linear_matmul_reduce_de91e0__partial, 17:k_cast_linear_matmul_reduce_de91e0, 18:k_cast_linear_matmul_reduce_de91e0, 19:k_bitcast_cast_linear_matmul_reduce_6cd202, 20:k_bitcast_cast_linear_matmul_reduce_6cd202, 21:k_cast_linear_matmul_reduce_cd9413, 22:k_cast_linear_matmul_reduce_63aae0, 23:k_bitcast_cast_linear_matmul_reduce_0d0c87, 24:k_cast_linear_matmul_reduce_76ca05__partial, 25:k_cast_linear_matmul_reduce_76ca05]
(EngineCore pid=3419082) INFO 2026-08-09 23:11:58,866 emmy.compiler.backend.cuda.program: [cuda] buffer-reuse: scratch slab=0.20 GB (0.23 GB naive, 1.1x) over 24 scratch buf(s)
(EngineCore pid=3419082) INFO 2026-08-09 23:11:58,868 emmy.serving.gen_runner: [gen_runner] compiling layer 40/48 (pre + post + decode)...
(EngineCore pid=3419082) INFO 2026-08-09 23:11:58,869 emmy.compiler.trace.torch: torch.export.export() starting...
(EngineCore pid=3419082) INFO 2026-08-09 23:11:58,892 emmy.compiler.trace.torch: torch.export.export() done in 0.0s (41 retained FX nodes, pruned 6 dead)
(EngineCore pid=3419082) INFO 2026-08-09 23:11:58,894 emmy.compiler.trace.torch: FX→Graph IR walk done in 0.0s (58 IR nodes)
(EngineCore pid=3419082) INFO 2026-08-09 23:11:59,442 emmy.compiler.loader.quant: spelled 3 coded weight constant(s) from /home/dikobraz/Models/Laguna-S-2.1-exl3-1.98bpw
(EngineCore pid=3419082) INFO 2026-08-09 23:11:59,665 emmy.compiler.backend.cuda.program: [cuda] CompiledProgram.build: 17 launch(es) compile+alloc=0.00s kernels=[0:k_mean_e36245, 1:k_cast_linear_matmul_reduce_de91e0__partial, 2:k_cast_linear_matmul_reduce_de91e0__partial, 3:k_cast_linear_matmul_reduce_de91e0__partial, 4:k_cast_linear_matmul_reduce_de91e0, 5:k_cast_linear_matmul_reduce_de91e0, 6:k_cast_linear_matmul_reduce_de91e0, 7:k_bitcast_cast_linear_matmul_reduce_a98486, 8:k_bitcast_cast_linear_matmul_reduce_18d77e, 9:k_bitcast_cast_linear_matmul_reduce_67fa5b, 10:k_cast_linear_matmul_reduce_cf207b__partial, 11:k_cast_linear_matmul_reduce_369764, 12:k_cast_linear_matmul_reduce_b5b17f__partial, 13:k_cast_linear_matmul_reduce_cf207b, 14:k_cast_linear_matmul_reduce_b5b17f, 15:k_mean_e22c85, 16:k_mean_c73f3f]
(EngineCore pid=3419082) INFO 2026-08-09 23:11:59,665 emmy.compiler.backend.cuda.program: [cuda] buffer-reuse: scratch slab=0.00 GB (0.00 GB naive, 1.6x) over 14 scratch buf(s)
(EngineCore pid=3419082) INFO 2026-08-09 23:11:59,667 emmy.compiler.trace.torch: torch.export.export() starting...
(EngineCore pid=3419082) INFO 2026-08-09 23:11:59,691 emmy.compiler.trace.torch: torch.export.export() done in 0.0s (42 retained FX nodes, pruned 6 dead)
(EngineCore pid=3419082) INFO 2026-08-09 23:11:59,693 emmy.compiler.trace.torch: FX→Graph IR walk done in 0.0s (55 IR nodes)
(EngineCore pid=3419082) INFO 2026-08-09 23:12:00,521 emmy.compiler.loader.quant: spelled 4 coded weight constant(s) from /home/dikobraz/Models/Laguna-S-2.1-exl3-1.98bpw
(EngineCore pid=3419082) INFO 2026-08-09 23:12:00,743 emmy.compiler.backend.cuda.program: [cuda] CompiledProgram.build: 26 launch(es) compile+alloc=0.00s kernels=[0:k_bitcast_cast_pointwise_531ded, 1:k_bitcast_cast_pointwise_b18f65, 2:k_bitcast_cast_pointwise_b18f65, 3:k_bitcast_cast_pointwise_b18f65, 4:k_bitcast_cast_pointwise_157d6a, 5:k_linear_mean_reduce_140e4d, 6:k_bitcast_cast_pointwise_2fe005, 7:k_bitcast_cast_pointwise_76b6ca, 8:k_bitcast_cast_pointwise_c08dac, 9:k_cast_linear_matmul_reduce_c7b234__partial, 10:k_cast_linear_matmul_reduce_c7b234, 11:k_cast_linear_matmul_bitcast_reduce_f7578b, 12:k_cast_linear_matmul_reduce_76ca05__partial, 13:k_cast_linear_matmul_reduce_76ca05, 14:k_mean_e36245, 15:k_cast_linear_matmul_reduce_de91e0__partial, 16:k_cast_linear_matmul_reduce_de91e0__partial, 17:k_cast_linear_matmul_reduce_de91e0, 18:k_cast_linear_matmul_reduce_de91e0, 19:k_bitcast_cast_linear_matmul_reduce_6cd202, 20:k_bitcast_cast_linear_matmul_reduce_6cd202, 21:k_cast_linear_matmul_reduce_cd9413, 22:k_cast_linear_matmul_reduce_63aae0, 23:k_bitcast_cast_linear_matmul_reduce_0d0c87, 24:k_cast_linear_matmul_reduce_76ca05__partial, 25:k_cast_linear_matmul_reduce_76ca05]
(EngineCore pid=3419082) INFO 2026-08-09 23:12:00,743 emmy.compiler.backend.cuda.program: [cuda] buffer-reuse: scratch slab=0.20 GB (0.23 GB naive, 1.1x) over 24 scratch buf(s)
(EngineCore pid=3419082) INFO 2026-08-09 23:12:00,745 emmy.serving.gen_runner: [gen_runner] compiling layer 41/48 (pre + post + decode)...
(EngineCore pid=3419082) INFO 2026-08-09 23:12:00,746 emmy.compiler.trace.torch: torch.export.export() starting...
(EngineCore pid=3419082) INFO 2026-08-09 23:12:00,769 emmy.compiler.trace.torch: torch.export.export() done in 0.0s (41 retained FX nodes, pruned 6 dead)
(EngineCore pid=3419082) INFO 2026-08-09 23:12:00,770 emmy.compiler.trace.torch: FX→Graph IR walk done in 0.0s (58 IR nodes)
(EngineCore pid=3419082) INFO 2026-08-09 23:12:01,589 emmy.compiler.loader.quant: spelled 3 coded weight constant(s) from /home/dikobraz/Models/Laguna-S-2.1-exl3-1.98bpw
(EngineCore pid=3419082) INFO 2026-08-09 23:12:01,793 emmy.compiler.backend.cuda.program: [cuda] CompiledProgram.build: 17 launch(es) compile+alloc=0.00s kernels=[0:k_mean_e36245, 1:k_cast_linear_matmul_reduce_de91e0__partial, 2:k_cast_linear_matmul_reduce_de91e0__partial, 3:k_cast_linear_matmul_reduce_de91e0__partial, 4:k_cast_linear_matmul_reduce_de91e0, 5:k_cast_linear_matmul_reduce_de91e0, 6:k_cast_linear_matmul_reduce_de91e0, 7:k_bitcast_cast_linear_matmul_reduce_a98486, 8:k_bitcast_cast_linear_matmul_reduce_18d77e, 9:k_bitcast_cast_linear_matmul_reduce_5b63ae, 10:k_cast_linear_matmul_reduce_cf207b__partial, 11:k_cast_linear_matmul_reduce_369764, 12:k_cast_linear_matmul_reduce_d73f75__partial, 13:k_cast_linear_matmul_reduce_cf207b, 14:k_cast_linear_matmul_reduce_d73f75, 15:k_mean_e22c85, 16:k_mean_fb3667]
(EngineCore pid=3419082) INFO 2026-08-09 23:12:01,793 emmy.compiler.backend.cuda.program: [cuda] buffer-reuse: scratch slab=0.00 GB (0.00 GB naive, 1.8x) over 14 scratch buf(s)
(EngineCore pid=3419082) INFO 2026-08-09 23:12:01,795 emmy.compiler.trace.torch: torch.export.export() starting...
(EngineCore pid=3419082) INFO 2026-08-09 23:12:01,819 emmy.compiler.trace.torch: torch.export.export() done in 0.0s (42 retained FX nodes, pruned 6 dead)
(EngineCore pid=3419082) INFO 2026-08-09 23:12:01,820 emmy.compiler.trace.torch: FX→Graph IR walk done in 0.0s (55 IR nodes)
(EngineCore pid=3419082) INFO 2026-08-09 23:12:02,639 emmy.compiler.loader.quant: spelled 4 coded weight constant(s) from /home/dikobraz/Models/Laguna-S-2.1-exl3-1.98bpw
(EngineCore pid=3419082) INFO 2026-08-09 23:12:03,202 emmy.compiler.backend.cuda.program: [cuda] CompiledProgram.build: 26 launch(es) compile+alloc=0.00s kernels=[0:k_bitcast_cast_pointwise_bd0953, 1:k_bitcast_cast_pointwise_b18f65, 2:k_bitcast_cast_pointwise_b18f65, 3:k_bitcast_cast_pointwise_b18f65, 4:k_bitcast_cast_pointwise_157d6a, 5:k_linear_mean_reduce_5e93f3, 6:k_bitcast_cast_pointwise_8967e6, 7:k_bitcast_cast_pointwise_76b6ca, 8:k_bitcast_cast_pointwise_c08dac, 9:k_cast_linear_matmul_reduce_a825dd__partial, 10:k_cast_linear_matmul_reduce_a825dd, 11:k_cast_linear_matmul_bitcast_reduce_a91b88, 12:k_cast_linear_matmul_reduce_76ca05__partial, 13:k_cast_linear_matmul_reduce_76ca05, 14:k_mean_e36245, 15:k_cast_linear_matmul_reduce_de91e0__partial, 16:k_cast_linear_matmul_reduce_de91e0__partial, 17:k_cast_linear_matmul_reduce_de91e0, 18:k_cast_linear_matmul_reduce_de91e0, 19:k_bitcast_cast_linear_matmul_reduce_6cd202, 20:k_bitcast_cast_linear_matmul_reduce_6cd202, 21:k_cast_linear_matmul_reduce_cd9413, 22:k_cast_linear_matmul_reduce_63aae0, 23:k_bitcast_cast_linear_matmul_reduce_0d0c87, 24:k_cast_linear_matmul_reduce_76ca05__partial, 25:k_cast_linear_matmul_reduce_76ca05]
(EngineCore pid=3419082) INFO 2026-08-09 23:12:03,202 emmy.compiler.backend.cuda.program: [cuda] buffer-reuse: scratch slab=0.16 GB (0.19 GB naive, 1.2x) over 24 scratch buf(s)
(EngineCore pid=3419082) INFO 2026-08-09 23:12:03,204 emmy.serving.gen_runner: [gen_runner] compiling layer 42/48 (pre + post + decode)...
(EngineCore pid=3419082) INFO 2026-08-09 23:12:03,205 emmy.compiler.trace.torch: torch.export.export() starting...
(EngineCore pid=3419082) INFO 2026-08-09 23:12:03,228 emmy.compiler.trace.torch: torch.export.export() done in 0.0s (41 retained FX nodes, pruned 6 dead)
(EngineCore pid=3419082) INFO 2026-08-09 23:12:03,229 emmy.compiler.trace.torch: FX→Graph IR walk done in 0.0s (58 IR nodes)
(EngineCore pid=3419082) INFO 2026-08-09 23:12:03,385 emmy.compiler.loader.quant: spelled 3 coded weight constant(s) from /home/dikobraz/Models/Laguna-S-2.1-exl3-1.98bpw
(EngineCore pid=3419082) INFO 2026-08-09 23:12:04,260 emmy.compiler.backend.cuda.program: [cuda] CompiledProgram.build: 17 launch(es) compile+alloc=0.00s kernels=[0:k_mean_e36245, 1:k_cast_linear_matmul_reduce_de91e0__partial, 2:k_cast_linear_matmul_reduce_de91e0__partial, 3:k_cast_linear_matmul_reduce_de91e0__partial, 4:k_cast_linear_matmul_reduce_de91e0, 5:k_cast_linear_matmul_reduce_de91e0, 6:k_cast_linear_matmul_reduce_de91e0, 7:k_bitcast_cast_linear_matmul_reduce_a98486, 8:k_bitcast_cast_linear_matmul_reduce_18d77e, 9:k_bitcast_cast_linear_matmul_reduce_67fa5b, 10:k_cast_linear_matmul_reduce_cf207b__partial, 11:k_cast_linear_matmul_reduce_369764, 12:k_cast_linear_matmul_reduce_b5b17f__partial, 13:k_cast_linear_matmul_reduce_cf207b, 14:k_cast_linear_matmul_reduce_b5b17f, 15:k_mean_e22c85, 16:k_mean_c73f3f]
(EngineCore pid=3419082) INFO 2026-08-09 23:12:04,260 emmy.compiler.backend.cuda.program: [cuda] buffer-reuse: scratch slab=0.00 GB (0.00 GB naive, 1.6x) over 14 scratch buf(s)
(EngineCore pid=3419082) INFO 2026-08-09 23:12:04,262 emmy.compiler.trace.torch: torch.export.export() starting...
(EngineCore pid=3419082) INFO 2026-08-09 23:12:04,285 emmy.compiler.trace.torch: torch.export.export() done in 0.0s (42 retained FX nodes, pruned 6 dead)
(EngineCore pid=3419082) INFO 2026-08-09 23:12:04,286 emmy.compiler.trace.torch: FX→Graph IR walk done in 0.0s (55 IR nodes)
(EngineCore pid=3419082) INFO 2026-08-09 23:12:04,447 emmy.compiler.loader.quant: spelled 4 coded weight constant(s) from /home/dikobraz/Models/Laguna-S-2.1-exl3-1.98bpw
(EngineCore pid=3419082) INFO 2026-08-09 23:12:05,317 emmy.compiler.backend.cuda.program: [cuda] CompiledProgram.build: 26 launch(es) compile+alloc=0.00s kernels=[0:k_bitcast_cast_pointwise_531ded, 1:k_bitcast_cast_pointwise_b18f65, 2:k_bitcast_cast_pointwise_b18f65, 3:k_bitcast_cast_pointwise_b18f65, 4:k_bitcast_cast_pointwise_157d6a, 5:k_linear_mean_reduce_140e4d, 6:k_bitcast_cast_pointwise_2fe005, 7:k_bitcast_cast_pointwise_76b6ca, 8:k_bitcast_cast_pointwise_c08dac, 9:k_cast_linear_matmul_reduce_c7b234__partial, 10:k_cast_linear_matmul_reduce_c7b234, 11:k_cast_linear_matmul_bitcast_reduce_f7578b, 12:k_cast_linear_matmul_reduce_76ca05__partial, 13:k_cast_linear_matmul_reduce_76ca05, 14:k_mean_e36245, 15:k_cast_linear_matmul_reduce_de91e0__partial, 16:k_cast_linear_matmul_reduce_de91e0__partial, 17:k_cast_linear_matmul_reduce_de91e0, 18:k_cast_linear_matmul_reduce_de91e0, 19:k_bitcast_cast_linear_matmul_reduce_6cd202, 20:k_bitcast_cast_linear_matmul_reduce_6cd202, 21:k_cast_linear_matmul_reduce_cd9413, 22:k_cast_linear_matmul_reduce_63aae0, 23:k_bitcast_cast_linear_matmul_reduce_0d0c87, 24:k_cast_linear_matmul_reduce_76ca05__partial, 25:k_cast_linear_matmul_reduce_76ca05]
(EngineCore pid=3419082) INFO 2026-08-09 23:12:05,317 emmy.compiler.backend.cuda.program: [cuda] buffer-reuse: scratch slab=0.20 GB (0.23 GB naive, 1.1x) over 24 scratch buf(s)
(EngineCore pid=3419082) INFO 2026-08-09 23:12:05,320 emmy.serving.gen_runner: [gen_runner] compiling layer 43/48 (pre + post + decode)...
(EngineCore pid=3419082) INFO 2026-08-09 23:12:05,321 emmy.compiler.trace.torch: torch.export.export() starting...
(EngineCore pid=3419082) INFO 2026-08-09 23:12:05,344 emmy.compiler.trace.torch: torch.export.export() done in 0.0s (41 retained FX nodes, pruned 6 dead)
(EngineCore pid=3419082) INFO 2026-08-09 23:12:05,345 emmy.compiler.trace.torch: FX→Graph IR walk done in 0.0s (58 IR nodes)
(EngineCore pid=3419082) INFO 2026-08-09 23:12:05,853 emmy.compiler.loader.quant: spelled 3 coded weight constant(s) from /home/dikobraz/Models/Laguna-S-2.1-exl3-1.98bpw
(EngineCore pid=3419082) INFO 2026-08-09 23:12:06,059 emmy.compiler.backend.cuda.program: [cuda] CompiledProgram.build: 17 launch(es) compile+alloc=0.00s kernels=[0:k_mean_e36245, 1:k_cast_linear_matmul_reduce_de91e0__partial, 2:k_cast_linear_matmul_reduce_de91e0__partial, 3:k_cast_linear_matmul_reduce_de91e0__partial, 4:k_cast_linear_matmul_reduce_de91e0, 5:k_cast_linear_matmul_reduce_de91e0, 6:k_cast_linear_matmul_reduce_de91e0, 7:k_bitcast_cast_linear_matmul_reduce_a98486, 8:k_bitcast_cast_linear_matmul_reduce_18d77e, 9:k_bitcast_cast_linear_matmul_reduce_67fa5b, 10:k_cast_linear_matmul_reduce_cf207b__partial, 11:k_cast_linear_matmul_reduce_369764, 12:k_cast_linear_matmul_reduce_b5b17f__partial, 13:k_cast_linear_matmul_reduce_cf207b, 14:k_cast_linear_matmul_reduce_b5b17f, 15:k_mean_e22c85, 16:k_mean_c73f3f]
(EngineCore pid=3419082) INFO 2026-08-09 23:12:06,059 emmy.compiler.backend.cuda.program: [cuda] buffer-reuse: scratch slab=0.00 GB (0.00 GB naive, 1.6x) over 14 scratch buf(s)
(EngineCore pid=3419082) INFO 2026-08-09 23:12:06,061 emmy.compiler.trace.torch: torch.export.export() starting...
(EngineCore pid=3419082) INFO 2026-08-09 23:12:06,085 emmy.compiler.trace.torch: torch.export.export() done in 0.0s (42 retained FX nodes, pruned 6 dead)
(EngineCore pid=3419082) INFO 2026-08-09 23:12:06,086 emmy.compiler.trace.torch: FX→Graph IR walk done in 0.0s (55 IR nodes)
(EngineCore pid=3419082) INFO 2026-08-09 23:12:06,900 emmy.compiler.loader.quant: spelled 4 coded weight constant(s) from /home/dikobraz/Models/Laguna-S-2.1-exl3-1.98bpw
(EngineCore pid=3419082) INFO 2026-08-09 23:12:07,462 emmy.compiler.backend.cuda.program: [cuda] CompiledProgram.build: 26 launch(es) compile+alloc=0.00s kernels=[0:k_bitcast_cast_pointwise_531ded, 1:k_bitcast_cast_pointwise_b18f65, 2:k_bitcast_cast_pointwise_b18f65, 3:k_bitcast_cast_pointwise_b18f65, 4:k_bitcast_cast_pointwise_157d6a, 5:k_linear_mean_reduce_140e4d, 6:k_bitcast_cast_pointwise_2fe005, 7:k_bitcast_cast_pointwise_76b6ca, 8:k_bitcast_cast_pointwise_c08dac, 9:k_cast_linear_matmul_reduce_c7b234__partial, 10:k_cast_linear_matmul_reduce_c7b234, 11:k_cast_linear_matmul_bitcast_reduce_f7578b, 12:k_cast_linear_matmul_reduce_76ca05__partial, 13:k_cast_linear_matmul_reduce_76ca05, 14:k_mean_e36245, 15:k_cast_linear_matmul_reduce_de91e0__partial, 16:k_cast_linear_matmul_reduce_de91e0__partial, 17:k_cast_linear_matmul_reduce_de91e0, 18:k_cast_linear_matmul_reduce_de91e0, 19:k_bitcast_cast_linear_matmul_reduce_6cd202, 20:k_bitcast_cast_linear_matmul_reduce_6cd202, 21:k_cast_linear_matmul_reduce_cd9413, 22:k_cast_linear_matmul_reduce_63aae0, 23:k_bitcast_cast_linear_matmul_reduce_0d0c87, 24:k_cast_linear_matmul_reduce_76ca05__partial, 25:k_cast_linear_matmul_reduce_76ca05]
(EngineCore pid=3419082) INFO 2026-08-09 23:12:07,462 emmy.compiler.backend.cuda.program: [cuda] buffer-reuse: scratch slab=0.20 GB (0.23 GB naive, 1.1x) over 24 scratch buf(s)
(EngineCore pid=3419082) INFO 2026-08-09 23:12:07,464 emmy.serving.gen_runner: [gen_runner] compiling layer 44/48 (pre + post + decode)...
(EngineCore pid=3419082) INFO 2026-08-09 23:12:07,465 emmy.compiler.trace.torch: torch.export.export() starting...
(EngineCore pid=3419082) INFO 2026-08-09 23:12:07,488 emmy.compiler.trace.torch: torch.export.export() done in 0.0s (41 retained FX nodes, pruned 6 dead)
(EngineCore pid=3419082) INFO 2026-08-09 23:12:07,489 emmy.compiler.trace.torch: FX→Graph IR walk done in 0.0s (58 IR nodes)
(EngineCore pid=3419082) INFO 2026-08-09 23:12:07,644 emmy.compiler.loader.quant: spelled 3 coded weight constant(s) from /home/dikobraz/Models/Laguna-S-2.1-exl3-1.98bpw
(EngineCore pid=3419082) INFO 2026-08-09 23:12:08,515 emmy.compiler.backend.cuda.program: [cuda] CompiledProgram.build: 17 launch(es) compile+alloc=0.00s kernels=[0:k_mean_e36245, 1:k_cast_linear_matmul_reduce_de91e0__partial, 2:k_cast_linear_matmul_reduce_de91e0__partial, 3:k_cast_linear_matmul_reduce_de91e0__partial, 4:k_cast_linear_matmul_reduce_de91e0, 5:k_cast_linear_matmul_reduce_de91e0, 6:k_cast_linear_matmul_reduce_de91e0, 7:k_bitcast_cast_linear_matmul_reduce_a98486, 8:k_bitcast_cast_linear_matmul_reduce_18d77e, 9:k_bitcast_cast_linear_matmul_reduce_67fa5b, 10:k_cast_linear_matmul_reduce_cf207b__partial, 11:k_cast_linear_matmul_reduce_369764, 12:k_cast_linear_matmul_reduce_b5b17f__partial, 13:k_cast_linear_matmul_reduce_cf207b, 14:k_cast_linear_matmul_reduce_b5b17f, 15:k_mean_e22c85, 16:k_mean_c73f3f]
(EngineCore pid=3419082) INFO 2026-08-09 23:12:08,515 emmy.compiler.backend.cuda.program: [cuda] buffer-reuse: scratch slab=0.00 GB (0.00 GB naive, 1.6x) over 14 scratch buf(s)
(EngineCore pid=3419082) INFO 2026-08-09 23:12:08,517 emmy.compiler.trace.torch: torch.export.export() starting...
(EngineCore pid=3419082) INFO 2026-08-09 23:12:08,541 emmy.compiler.trace.torch: torch.export.export() done in 0.0s (42 retained FX nodes, pruned 6 dead)
(EngineCore pid=3419082) INFO 2026-08-09 23:12:08,542 emmy.compiler.trace.torch: FX→Graph IR walk done in 0.0s (55 IR nodes)
(EngineCore pid=3419082) INFO 2026-08-09 23:12:09,058 emmy.compiler.loader.quant: spelled 4 coded weight constant(s) from /home/dikobraz/Models/Laguna-S-2.1-exl3-1.98bpw
(EngineCore pid=3419082) INFO 2026-08-09 23:12:09,265 emmy.compiler.backend.cuda.program: [cuda] CompiledProgram.build: 26 launch(es) compile+alloc=0.00s kernels=[0:k_bitcast_cast_pointwise_531ded, 1:k_bitcast_cast_pointwise_b18f65, 2:k_bitcast_cast_pointwise_b18f65, 3:k_bitcast_cast_pointwise_b18f65, 4:k_bitcast_cast_pointwise_157d6a, 5:k_linear_mean_reduce_140e4d, 6:k_bitcast_cast_pointwise_2fe005, 7:k_bitcast_cast_pointwise_76b6ca, 8:k_bitcast_cast_pointwise_c08dac, 9:k_cast_linear_matmul_reduce_c7b234__partial, 10:k_cast_linear_matmul_reduce_c7b234, 11:k_cast_linear_matmul_bitcast_reduce_f7578b, 12:k_cast_linear_matmul_reduce_76ca05__partial, 13:k_cast_linear_matmul_reduce_76ca05, 14:k_mean_e36245, 15:k_cast_linear_matmul_reduce_de91e0__partial, 16:k_cast_linear_matmul_reduce_de91e0__partial, 17:k_cast_linear_matmul_reduce_de91e0, 18:k_cast_linear_matmul_reduce_de91e0, 19:k_bitcast_cast_linear_matmul_reduce_6cd202, 20:k_bitcast_cast_linear_matmul_reduce_6cd202, 21:k_cast_linear_matmul_reduce_cd9413, 22:k_cast_linear_matmul_reduce_63aae0, 23:k_bitcast_cast_linear_matmul_reduce_0d0c87, 24:k_cast_linear_matmul_reduce_76ca05__partial, 25:k_cast_linear_matmul_reduce_76ca05]
(EngineCore pid=3419082) INFO 2026-08-09 23:12:09,265 emmy.compiler.backend.cuda.program: [cuda] buffer-reuse: scratch slab=0.20 GB (0.23 GB naive, 1.1x) over 24 scratch buf(s)
(EngineCore pid=3419082) INFO 2026-08-09 23:12:09,267 emmy.serving.gen_runner: [gen_runner] compiling layer 45/48 (pre + post + decode)...
(EngineCore pid=3419082) INFO 2026-08-09 23:12:09,268 emmy.compiler.trace.torch: torch.export.export() starting...
(EngineCore pid=3419082) INFO 2026-08-09 23:12:09,291 emmy.compiler.trace.torch: torch.export.export() done in 0.0s (41 retained FX nodes, pruned 6 dead)
(EngineCore pid=3419082) INFO 2026-08-09 23:12:09,292 emmy.compiler.trace.torch: FX→Graph IR walk done in 0.0s (58 IR nodes)
(EngineCore pid=3419082) INFO 2026-08-09 23:12:10,116 emmy.compiler.loader.quant: spelled 3 coded weight constant(s) from /home/dikobraz/Models/Laguna-S-2.1-exl3-1.98bpw
(EngineCore pid=3419082) INFO 2026-08-09 23:12:10,322 emmy.compiler.backend.cuda.program: [cuda] CompiledProgram.build: 17 launch(es) compile+alloc=0.00s kernels=[0:k_mean_e36245, 1:k_cast_linear_matmul_reduce_de91e0__partial, 2:k_cast_linear_matmul_reduce_de91e0__partial, 3:k_cast_linear_matmul_reduce_de91e0__partial, 4:k_cast_linear_matmul_reduce_de91e0, 5:k_cast_linear_matmul_reduce_de91e0, 6:k_cast_linear_matmul_reduce_de91e0, 7:k_bitcast_cast_linear_matmul_reduce_a98486, 8:k_bitcast_cast_linear_matmul_reduce_18d77e, 9:k_bitcast_cast_linear_matmul_reduce_5b63ae, 10:k_cast_linear_matmul_reduce_cf207b__partial, 11:k_cast_linear_matmul_reduce_369764, 12:k_cast_linear_matmul_reduce_d73f75__partial, 13:k_cast_linear_matmul_reduce_cf207b, 14:k_cast_linear_matmul_reduce_d73f75, 15:k_mean_e22c85, 16:k_mean_fb3667]
(EngineCore pid=3419082) INFO 2026-08-09 23:12:10,322 emmy.compiler.backend.cuda.program: [cuda] buffer-reuse: scratch slab=0.00 GB (0.00 GB naive, 1.8x) over 14 scratch buf(s)
(EngineCore pid=3419082) INFO 2026-08-09 23:12:10,324 emmy.compiler.trace.torch: torch.export.export() starting...
(EngineCore pid=3419082) INFO 2026-08-09 23:12:10,347 emmy.compiler.trace.torch: torch.export.export() done in 0.0s (42 retained FX nodes, pruned 6 dead)
(EngineCore pid=3419082) INFO 2026-08-09 23:12:10,349 emmy.compiler.trace.torch: FX→Graph IR walk done in 0.0s (55 IR nodes)
(EngineCore pid=3419082) INFO 2026-08-09 23:12:11,173 emmy.compiler.loader.quant: spelled 4 coded weight constant(s) from /home/dikobraz/Models/Laguna-S-2.1-exl3-1.98bpw
(EngineCore pid=3419082) INFO 2026-08-09 23:12:11,381 emmy.compiler.backend.cuda.program: [cuda] CompiledProgram.build: 26 launch(es) compile+alloc=0.00s kernels=[0:k_bitcast_cast_pointwise_bd0953, 1:k_bitcast_cast_pointwise_b18f65, 2:k_bitcast_cast_pointwise_b18f65, 3:k_bitcast_cast_pointwise_b18f65, 4:k_bitcast_cast_pointwise_157d6a, 5:k_linear_mean_reduce_5e93f3, 6:k_bitcast_cast_pointwise_8967e6, 7:k_bitcast_cast_pointwise_76b6ca, 8:k_bitcast_cast_pointwise_c08dac, 9:k_cast_linear_matmul_reduce_a825dd__partial, 10:k_cast_linear_matmul_reduce_a825dd, 11:k_cast_linear_matmul_bitcast_reduce_a91b88, 12:k_cast_linear_matmul_reduce_76ca05__partial, 13:k_cast_linear_matmul_reduce_76ca05, 14:k_mean_e36245, 15:k_cast_linear_matmul_reduce_de91e0__partial, 16:k_cast_linear_matmul_reduce_de91e0__partial, 17:k_cast_linear_matmul_reduce_de91e0, 18:k_cast_linear_matmul_reduce_de91e0, 19:k_bitcast_cast_linear_matmul_reduce_6cd202, 20:k_bitcast_cast_linear_matmul_reduce_6cd202, 21:k_cast_linear_matmul_reduce_cd9413, 22:k_cast_linear_matmul_reduce_63aae0, 23:k_bitcast_cast_linear_matmul_reduce_0d0c87, 24:k_cast_linear_matmul_reduce_76ca05__partial, 25:k_cast_linear_matmul_reduce_76ca05]
(EngineCore pid=3419082) INFO 2026-08-09 23:12:11,381 emmy.compiler.backend.cuda.program: [cuda] buffer-reuse: scratch slab=0.16 GB (0.19 GB naive, 1.2x) over 24 scratch buf(s)
(EngineCore pid=3419082) INFO 2026-08-09 23:12:11,383 emmy.serving.gen_runner: [gen_runner] compiling layer 46/48 (pre + post + decode)...
(EngineCore pid=3419082) INFO 2026-08-09 23:12:11,384 emmy.compiler.trace.torch: torch.export.export() starting...
(EngineCore pid=3419082) INFO 2026-08-09 23:12:11,407 emmy.compiler.trace.torch: torch.export.export() done in 0.0s (41 retained FX nodes, pruned 6 dead)
(EngineCore pid=3419082) INFO 2026-08-09 23:12:11,408 emmy.compiler.trace.torch: FX→Graph IR walk done in 0.0s (58 IR nodes)
(EngineCore pid=3419082) INFO 2026-08-09 23:12:12,227 emmy.compiler.loader.quant: spelled 3 coded weight constant(s) from /home/dikobraz/Models/Laguna-S-2.1-exl3-1.98bpw
(EngineCore pid=3419082) INFO 2026-08-09 23:12:12,834 emmy.compiler.backend.cuda.program: [cuda] CompiledProgram.build: 17 launch(es) compile+alloc=0.00s kernels=[0:k_mean_e36245, 1:k_cast_linear_matmul_reduce_de91e0__partial, 2:k_cast_linear_matmul_reduce_de91e0__partial, 3:k_cast_linear_matmul_reduce_de91e0__partial, 4:k_cast_linear_matmul_reduce_de91e0, 5:k_cast_linear_matmul_reduce_de91e0, 6:k_cast_linear_matmul_reduce_de91e0, 7:k_bitcast_cast_linear_matmul_reduce_a98486, 8:k_bitcast_cast_linear_matmul_reduce_18d77e, 9:k_bitcast_cast_linear_matmul_reduce_67fa5b, 10:k_cast_linear_matmul_reduce_cf207b__partial, 11:k_cast_linear_matmul_reduce_369764, 12:k_cast_linear_matmul_reduce_b5b17f__partial, 13:k_cast_linear_matmul_reduce_cf207b, 14:k_cast_linear_matmul_reduce_b5b17f, 15:k_mean_e22c85, 16:k_mean_c73f3f]
(EngineCore pid=3419082) INFO 2026-08-09 23:12:12,834 emmy.compiler.backend.cuda.program: [cuda] buffer-reuse: scratch slab=0.00 GB (0.00 GB naive, 1.6x) over 14 scratch buf(s)
(EngineCore pid=3419082) INFO 2026-08-09 23:12:12,836 emmy.compiler.trace.torch: torch.export.export() starting...
(EngineCore pid=3419082) INFO 2026-08-09 23:12:12,864 emmy.compiler.trace.torch: torch.export.export() done in 0.0s (42 retained FX nodes, pruned 6 dead)
(EngineCore pid=3419082) INFO 2026-08-09 23:12:12,865 emmy.compiler.trace.torch: FX→Graph IR walk done in 0.0s (55 IR nodes)
(EngineCore pid=3419082) INFO 2026-08-09 23:12:13,041 emmy.compiler.loader.quant: spelled 4 coded weight constant(s) from /home/dikobraz/Models/Laguna-S-2.1-exl3-1.98bpw
(EngineCore pid=3419082) INFO 2026-08-09 23:12:14,023 emmy.compiler.backend.cuda.program: [cuda] CompiledProgram.build: 26 launch(es) compile+alloc=0.00s kernels=[0:k_bitcast_cast_pointwise_531ded, 1:k_bitcast_cast_pointwise_b18f65, 2:k_bitcast_cast_pointwise_b18f65, 3:k_bitcast_cast_pointwise_b18f65, 4:k_bitcast_cast_pointwise_157d6a, 5:k_linear_mean_reduce_140e4d, 6:k_bitcast_cast_pointwise_2fe005, 7:k_bitcast_cast_pointwise_76b6ca, 8:k_bitcast_cast_pointwise_c08dac, 9:k_cast_linear_matmul_reduce_c7b234__partial, 10:k_cast_linear_matmul_reduce_c7b234, 11:k_cast_linear_matmul_bitcast_reduce_f7578b, 12:k_cast_linear_matmul_reduce_76ca05__partial, 13:k_cast_linear_matmul_reduce_76ca05, 14:k_mean_e36245, 15:k_cast_linear_matmul_reduce_de91e0__partial, 16:k_cast_linear_matmul_reduce_de91e0__partial, 17:k_cast_linear_matmul_reduce_de91e0, 18:k_cast_linear_matmul_reduce_de91e0, 19:k_bitcast_cast_linear_matmul_reduce_6cd202, 20:k_bitcast_cast_linear_matmul_reduce_6cd202, 21:k_cast_linear_matmul_reduce_cd9413, 22:k_cast_linear_matmul_reduce_63aae0, 23:k_bitcast_cast_linear_matmul_reduce_0d0c87, 24:k_cast_linear_matmul_reduce_76ca05__partial, 25:k_cast_linear_matmul_reduce_76ca05]
(EngineCore pid=3419082) INFO 2026-08-09 23:12:14,023 emmy.compiler.backend.cuda.program: [cuda] buffer-reuse: scratch slab=0.20 GB (0.23 GB naive, 1.1x) over 24 scratch buf(s)
(EngineCore pid=3419082) INFO 2026-08-09 23:12:14,025 emmy.serving.gen_runner: [gen_runner] compiling layer 47/48 (pre + post + decode)...
(EngineCore pid=3419082) INFO 2026-08-09 23:12:14,026 emmy.compiler.trace.torch: torch.export.export() starting...
(EngineCore pid=3419082) INFO 2026-08-09 23:12:14,050 emmy.compiler.trace.torch: torch.export.export() done in 0.0s (41 retained FX nodes, pruned 6 dead)
(EngineCore pid=3419082) INFO 2026-08-09 23:12:14,051 emmy.compiler.trace.torch: FX→Graph IR walk done in 0.0s (58 IR nodes)
(EngineCore pid=3419082) INFO 2026-08-09 23:12:14,585 emmy.compiler.loader.quant: spelled 3 coded weight constant(s) from /home/dikobraz/Models/Laguna-S-2.1-exl3-1.98bpw
(EngineCore pid=3419082) INFO 2026-08-09 23:12:14,793 emmy.compiler.backend.cuda.program: [cuda] CompiledProgram.build: 17 launch(es) compile+alloc=0.00s kernels=[0:k_mean_e36245, 1:k_cast_linear_matmul_reduce_de91e0__partial, 2:k_cast_linear_matmul_reduce_de91e0__partial, 3:k_cast_linear_matmul_reduce_de91e0__partial, 4:k_cast_linear_matmul_reduce_de91e0, 5:k_cast_linear_matmul_reduce_de91e0, 6:k_cast_linear_matmul_reduce_de91e0, 7:k_bitcast_cast_linear_matmul_reduce_a98486, 8:k_bitcast_cast_linear_matmul_reduce_18d77e, 9:k_bitcast_cast_linear_matmul_reduce_67fa5b, 10:k_cast_linear_matmul_reduce_cf207b__partial, 11:k_cast_linear_matmul_reduce_369764, 12:k_cast_linear_matmul_reduce_b5b17f__partial, 13:k_cast_linear_matmul_reduce_cf207b, 14:k_cast_linear_matmul_reduce_b5b17f, 15:k_mean_e22c85, 16:k_mean_c73f3f]
(EngineCore pid=3419082) INFO 2026-08-09 23:12:14,793 emmy.compiler.backend.cuda.program: [cuda] buffer-reuse: scratch slab=0.00 GB (0.00 GB naive, 1.6x) over 14 scratch buf(s)
(EngineCore pid=3419082) INFO 2026-08-09 23:12:14,795 emmy.compiler.trace.torch: torch.export.export() starting...
(EngineCore pid=3419082) INFO 2026-08-09 23:12:14,820 emmy.compiler.trace.torch: torch.export.export() done in 0.0s (42 retained FX nodes, pruned 6 dead)
(EngineCore pid=3419082) INFO 2026-08-09 23:12:14,821 emmy.compiler.trace.torch: FX→Graph IR walk done in 0.0s (55 IR nodes)
(EngineCore pid=3419082) INFO 2026-08-09 23:12:15,672 emmy.compiler.loader.quant: spelled 4 coded weight constant(s) from /home/dikobraz/Models/Laguna-S-2.1-exl3-1.98bpw
(EngineCore pid=3419082) INFO 2026-08-09 23:12:15,885 emmy.compiler.backend.cuda.program: [cuda] CompiledProgram.build: 26 launch(es) compile+alloc=0.00s kernels=[0:k_bitcast_cast_pointwise_531ded, 1:k_bitcast_cast_pointwise_b18f65, 2:k_bitcast_cast_pointwise_b18f65, 3:k_bitcast_cast_pointwise_b18f65, 4:k_bitcast_cast_pointwise_157d6a, 5:k_linear_mean_reduce_140e4d, 6:k_bitcast_cast_pointwise_2fe005, 7:k_bitcast_cast_pointwise_76b6ca, 8:k_bitcast_cast_pointwise_c08dac, 9:k_cast_linear_matmul_reduce_c7b234__partial, 10:k_cast_linear_matmul_reduce_c7b234, 11:k_cast_linear_matmul_bitcast_reduce_f7578b, 12:k_cast_linear_matmul_reduce_76ca05__partial, 13:k_cast_linear_matmul_reduce_76ca05, 14:k_mean_e36245, 15:k_cast_linear_matmul_reduce_de91e0__partial, 16:k_cast_linear_matmul_reduce_de91e0__partial, 17:k_cast_linear_matmul_reduce_de91e0, 18:k_cast_linear_matmul_reduce_de91e0, 19:k_bitcast_cast_linear_matmul_reduce_6cd202, 20:k_bitcast_cast_linear_matmul_reduce_6cd202, 21:k_cast_linear_matmul_reduce_cd9413, 22:k_cast_linear_matmul_reduce_63aae0, 23:k_bitcast_cast_linear_matmul_reduce_0d0c87, 24:k_cast_linear_matmul_reduce_76ca05__partial, 25:k_cast_linear_matmul_reduce_76ca05]
(EngineCore pid=3419082) INFO 2026-08-09 23:12:15,885 emmy.compiler.backend.cuda.program: [cuda] buffer-reuse: scratch slab=0.20 GB (0.23 GB naive, 1.1x) over 24 scratch buf(s)
(EngineCore pid=3419082) INFO 2026-08-09 23:12:15,887 emmy.serving.gen_runner: [gen_runner] compiling layer 48/48 (pre + post + decode)...
(EngineCore pid=3419082) INFO 2026-08-09 23:12:15,888 emmy.compiler.trace.torch: torch.export.export() starting...
(EngineCore pid=3419082) INFO 2026-08-09 23:12:15,911 emmy.compiler.trace.torch: torch.export.export() done in 0.0s (41 retained FX nodes, pruned 6 dead)
(EngineCore pid=3419082) INFO 2026-08-09 23:12:15,912 emmy.compiler.trace.torch: FX→Graph IR walk done in 0.0s (58 IR nodes)
(EngineCore pid=3419082) INFO 2026-08-09 23:12:16,748 emmy.compiler.loader.quant: spelled 3 coded weight constant(s) from /home/dikobraz/Models/Laguna-S-2.1-exl3-1.98bpw
(EngineCore pid=3419082) INFO 2026-08-09 23:12:16,957 emmy.compiler.backend.cuda.program: [cuda] CompiledProgram.build: 17 launch(es) compile+alloc=0.00s kernels=[0:k_mean_e36245, 1:k_cast_linear_matmul_reduce_de91e0__partial, 2:k_cast_linear_matmul_reduce_de91e0__partial, 3:k_cast_linear_matmul_reduce_de91e0__partial, 4:k_cast_linear_matmul_reduce_de91e0, 5:k_cast_linear_matmul_reduce_de91e0, 6:k_cast_linear_matmul_reduce_de91e0, 7:k_bitcast_cast_linear_matmul_reduce_a98486, 8:k_bitcast_cast_linear_matmul_reduce_18d77e, 9:k_bitcast_cast_linear_matmul_reduce_67fa5b, 10:k_cast_linear_matmul_reduce_cf207b__partial, 11:k_cast_linear_matmul_reduce_369764, 12:k_cast_linear_matmul_reduce_b5b17f__partial, 13:k_cast_linear_matmul_reduce_cf207b, 14:k_cast_linear_matmul_reduce_b5b17f, 15:k_mean_e22c85, 16:k_mean_c73f3f]
(EngineCore pid=3419082) INFO 2026-08-09 23:12:16,957 emmy.compiler.backend.cuda.program: [cuda] buffer-reuse: scratch slab=0.00 GB (0.00 GB naive, 1.6x) over 14 scratch buf(s)
(EngineCore pid=3419082) INFO 2026-08-09 23:12:16,959 emmy.compiler.trace.torch: torch.export.export() starting...
(EngineCore pid=3419082) INFO 2026-08-09 23:12:16,983 emmy.compiler.trace.torch: torch.export.export() done in 0.0s (42 retained FX nodes, pruned 6 dead)
(EngineCore pid=3419082) INFO 2026-08-09 23:12:16,984 emmy.compiler.trace.torch: FX→Graph IR walk done in 0.0s (55 IR nodes)
(EngineCore pid=3419082) INFO 2026-08-09 23:12:17,836 emmy.compiler.loader.quant: spelled 4 coded weight constant(s) from /home/dikobraz/Models/Laguna-S-2.1-exl3-1.98bpw
(EngineCore pid=3419082) INFO 2026-08-09 23:12:20,737 emmy.compiler.pipeline: compile: total 2.87s (deterministic resolve)
(EngineCore pid=3419082) INFO 2026-08-09 23:12:21,265 emmy.compiler.backend.cuda.program: [cuda] CompiledProgram.build: 26 launch(es) compile+alloc=0.00s kernels=[0:k_bitcast_cast_pointwise_531ded, 1:k_bitcast_cast_pointwise_b18f65, 2:k_bitcast_cast_pointwise_b18f65, 3:k_bitcast_cast_pointwise_b18f65, 4:k_bitcast_cast_pointwise_157d6a, 5:k_linear_mean_reduce_140e4d, 6:k_bitcast_cast_pointwise_2fe005, 7:k_bitcast_cast_pointwise_76b6ca, 8:k_bitcast_cast_pointwise_c08dac, 9:k_cast_linear_matmul_reduce_c7b234__partial, 10:k_cast_linear_matmul_reduce_c7b234, 11:k_cast_linear_matmul_bitcast_reduce_f7578b, 12:k_cast_linear_matmul_reduce_76ca05__partial, 13:k_cast_linear_matmul_reduce_76ca05, 14:k_mean_e36245, 15:k_cast_linear_matmul_reduce_de91e0__partial, 16:k_cast_linear_matmul_reduce_de91e0__partial, 17:k_cast_linear_matmul_reduce_de91e0, 18:k_cast_linear_matmul_reduce_de91e0, 19:k_bitcast_cast_linear_matmul_reduce_6cd202, 20:k_bitcast_cast_linear_matmul_reduce_6cd202, 21:k_cast_linear_matmul_reduce_cd9413, 22:k_cast_linear_matmul_reduce_63aae0, 23:k_bitcast_cast_linear_matmul_reduce_0d0c87, 24:k_cast_linear_matmul_reduce_76ca05__partial, 25:k_cast_linear_matmul_reduce_76ca05]
(EngineCore pid=3419082) INFO 2026-08-09 23:12:21,265 emmy.compiler.backend.cuda.program: [cuda] buffer-reuse: scratch slab=0.20 GB (0.23 GB naive, 1.1x) over 24 scratch buf(s)
(EngineCore pid=3419082) INFO 2026-08-09 23:12:22,801 emmy.serving.gen_runner: [gen_runner] structural plan cache: 91 hit(s), 11 miss(es), 11 template(s)
(EngineCore pid=3419082) INFO 2026-08-09 23:12:22,993 emmy.serving.gen_runner: [gen_runner] embed table (100352 x 3072, 0.574 GiB) mapped in host memory — 0 device bytes
(EngineCore pid=3419082) INFO 2026-08-09 23:12:22,996 emmy.serving.gen_runner: [gen_runner] pre-expert allocator reclaim: 0.000 GiB released; 28.258 of 31.324 GiB free
(EngineCore pid=3419082) INFO 2026-08-09 23:12:33,309 emmy.serving.roofline: [roofline] boot audit clean: 8 static program(s) within 10x of the weight floor
(EngineCore pid=3419082) INFO 2026-08-09 23:12:53,235 emmy.serving.vllm_model_gen: [EmmyGenModel] decoded the EXL3 lm_head (100352 x 3072) from the checkpoint
(EngineCore pid=3419082) INFO 2026-08-09 23:12:53,237 emmy.serving.vllm_model_gen: [EmmyGenModel] reclaimed 0.125 GiB of allocator free blocks; 1.165 of 31.324 GiB now free for the KV cache
(EngineCore pid=3419082) 2026-08-09 23:12:58,361 - INFO - autotuner.py:622 - flashinfer.jit: [Autotuner]: Autotuning process starts ...
(EngineCore pid=3419082) 2026-08-09 23:12:58,773 - INFO - autotuner.py:641 - flashinfer.jit: [Autotuner]: Autotuning process ends
(EngineCore pid=3419082) Capturing CUDA graphs (decode, FULL):   0%|          | 0/1 [00:00<?, ?it/s]Capturing CUDA graphs (decode, FULL): 100%|██████████| 1/1 [00:00<00:00,  1.27it/s]Capturing CUDA graphs (decode, FULL): 100%|██████████| 1/1 [00:00<00:00,  1.27it/s]
(EngineCore pid=3419082) [transformers] Unrecognized keys in `rope_parameters` for 'rope_type'='default': {'sliding_attention', 'full_attention'}
(EngineCore pid=3419082) [transformers] Unrecognized keys in `rope_parameters` for 'rope_type'='default': {'sliding_attention', 'full_attention'}
(EngineCore pid=3419082) [transformers] Unrecognized keys in `rope_parameters` for 'rope_type'='default': {'sliding_attention', 'full_attention'}
(EngineCore pid=3419082) [transformers] Unrecognized keys in `rope_parameters` for 'rope_type'='default': {'sliding_attention', 'full_attention'}
(EngineCore pid=3419082) [transformers] The tokenizer you are loading from '/home/dikobraz/Models/Laguna-S-2.1-exl3-1.98bpw' with an incorrect regex pattern: https://huggingface.co/mistralai/Mistral-Small-3.1-24B-Instruct-2503/discussions/84#69121093e8b480e709447d5e. This will lead to incorrect tokenization. You should set the `fix_mistral_regex=True` flag when loading this tokenizer to fix this issue.
(APIServer pid=3418846) [transformers] Unrecognized keys in `rope_parameters` for 'rope_type'='default': {'sliding_attention', 'full_attention'}
(APIServer pid=3418846) [transformers] Unrecognized keys in `rope_parameters` for 'rope_type'='default': {'sliding_attention', 'full_attention'}
(APIServer pid=3418846) [transformers] The tokenizer you are loading from '/home/dikobraz/Models/Laguna-S-2.1-exl3-1.98bpw' with an incorrect regex pattern: https://huggingface.co/mistralai/Mistral-Small-3.1-24B-Instruct-2503/discussions/84#69121093e8b480e709447d5e. This will lead to incorrect tokenization. You should set the `fix_mistral_regex=True` flag when loading this tokenizer to fix this issue.
(APIServer pid=3418846) INFO:     Started server process [3418846]
(APIServer pid=3418846) INFO:     Waiting for application startup.
(APIServer pid=3418846) INFO:     Application startup complete.
(APIServer pid=3418846) INFO:     Shutting down
(APIServer pid=3418846) INFO:     Waiting for application shutdown.
(APIServer pid=3418846) INFO:     Application shutdown complete.
/usr/lib/python3.12/multiprocessing/resource_tracker.py:254: UserWarning: resource_tracker: There appear to be 1 leaked semaphore objects to clean up at shutdown
  warnings.warn('resource_tracker: There appear to be %d '
